franchise_id,season,season_source,template,completeness,name_raw,name_order,birth_year_2digit,age,approx_birth_year,tier,candidate_ids,candidate_names,already_has_season_row,note,disposition,disposition_note
capitanes_arecibo,2009,year_param,flat_bo,full,Cortes David,surname_first,81,,,1_exact_birth_confirmed,448,"Cortes Ruiz, David",yes,"exact_name, birth year agrees",confirmed_match,"owner accepted 2026-09-14, exact-birth-year tier, single agreeing candidate"
capitanes_arecibo,2009,year_param,flat_bo,full,Cruz Rafael,surname_first,79,,,1_exact_birth_confirmed,1895,"Cruz Lopez, Rafael",yes,"exact_name, birth year agrees",confirmed_match,"owner accepted 2026-09-14, exact-birth-year tier, single agreeing candidate"
capitanes_arecibo,2009,year_param,flat_bo,full,Figueroa Angel,surname_first,81,,,1_exact_birth_confirmed,135,"Figueroa Sepulveda, Angel",yes,"exact_name, birth year agrees",confirmed_match,"owner accepted 2026-09-14, exact-birth-year tier, single agreeing candidate"
capitanes_arecibo,2009,year_param,flat_bo,full,Fizer Marcus,surname_first,78,,,1_exact_birth_confirmed,2434,"Fizer, Marcus",yes,"exact_name, birth year agrees",confirmed_match,"owner accepted 2026-09-14, exact-birth-year tier, single agreeing candidate"
capitanes_arecibo,2009,year_param,flat_bo,full,Pagan Wilfredo,surname_first,76,,,1_exact_birth_confirmed,2290,"Pagan Roque, Wilfredo",yes,"exact_name, birth year agrees",confirmed_match,"owner accepted 2026-09-14, exact-birth-year tier, single agreeing candidate"
capitanes_arecibo,2009,year_param,flat_bo,full,Ramirez Edgardo,surname_first,86,,,1_exact_birth_confirmed,2374,"Ramirez Ortiz, Edgardo",yes,"exact_name, birth year agrees",confirmed_match,"owner accepted 2026-09-14, exact-birth-year tier, single agreeing candidate"
capitanes_arecibo,2009,year_param,flat_bo,full,Rivera Carlos,surname_first,83,,,1_exact_birth_confirmed,338,"Rivera Ruiz, Carlos Ruben",yes,"exact_name, birth year agrees",confirmed_match,"owner accepted 2026-09-14, exact-birth-year tier, single agreeing candidate"
capitanes_arecibo,2009,year_param,flat_bo,full,Rosa-Clemente Angel,surname_first,84,,,1_exact_birth_confirmed,148,"Rosa Clemente, Angel R.",yes,"exact_name, birth year agrees",confirmed_match,"owner accepted 2026-09-14, exact-birth-year tier, single agreeing candidate"
capitanes_arecibo,2009,year_param,flat_bo,full,Vega Christopher,surname_first,84,,,1_exact_birth_confirmed,392,"Vega Johnson, Christopher",yes,"exact_name, birth year agrees",confirmed_match,"owner accepted 2026-09-14, exact-birth-year tier, single agreeing candidate"
capitanes_arecibo,2009,year_param,flat_bo,full,Villegas Johwen,surname_first,85,,,1_exact_birth_confirmed,2386,"Villegas Mercado, Johwen",yes,"exact_name, birth year agrees",confirmed_match,"owner accepted 2026-09-14, exact-birth-year tier, single agreeing candidate"
capitanes_arecibo,2009,year_param,flat_bo,full,Watson Michael,surname_first,80,,,1_exact_birth_confirmed,1628,"Watson Fuentes, Michael",yes,"exact_name, birth year agrees",confirmed_match,"owner accepted 2026-09-14, exact-birth-year tier, single agreeing candidate"
capitanes_arecibo,2010,year_param,flat_bo,full,Alvarado Omar,surname_first,83,,,1_exact_birth_confirmed,1739,"Alvarado Sierra, Omar J.",yes,"exact_name, birth year agrees",confirmed_match,"owner accepted 2026-09-14, exact-birth-year tier, single agreeing candidate"
capitanes_arecibo,2010,year_param,flat_bo,full,Ayuso Larry,surname_first,77,,,1_exact_birth_confirmed,574,"Ayuso Carrillo, Elias",yes,"exact_name, birth year agrees",confirmed_match,"owner accepted 2026-09-14, exact-birth-year tier, single agreeing candidate"
capitanes_arecibo,2010,year_param,flat_bo,full,Cortes David,surname_first,81,,,1_exact_birth_confirmed,448,"Cortes Ruiz, David",yes,"exact_name, birth year agrees",confirmed_match,"owner accepted 2026-09-14, exact-birth-year tier, single agreeing candidate"
capitanes_arecibo,2010,year_param,flat_bo,full,Cruz Rafael,surname_first,79,,,1_exact_birth_confirmed,1895,"Cruz Lopez, Rafael",yes,"exact_name, birth year agrees",confirmed_match,"owner accepted 2026-09-14, exact-birth-year tier, single agreeing candidate"
capitanes_arecibo,2010,year_param,flat_bo,full,Latimer Antonio,surname_first,78,,,1_exact_birth_confirmed,193,"Latimer Rivera, Antonio",yes,"exact_name, birth year agrees",confirmed_match,"owner accepted 2026-09-14, exact-birth-year tier, single agreeing candidate"
capitanes_arecibo,2010,year_param,flat_bo,full,Ramirez Edgardo,surname_first,86,,,1_exact_birth_confirmed,2374,"Ramirez Ortiz, Edgardo",yes,"exact_name, birth year agrees",confirmed_match,"owner accepted 2026-09-14, exact-birth-year tier, single agreeing candidate"
capitanes_arecibo,2010,year_param,flat_bo,full,Reyes Angelo,surname_first,81,,,1_exact_birth_confirmed,151,"Reyes Canales, Angelo",yes,"exact_name, birth year agrees",confirmed_match,"owner accepted 2026-09-14, exact-birth-year tier, single agreeing candidate"
capitanes_arecibo,2010,year_param,flat_bo,full,Rodriguez Andres,surname_first,81,,,1_exact_birth_confirmed,87,"Rodriguez Fernandez, Andres",yes,"exact_name, birth year agrees",confirmed_match,"owner accepted 2026-09-14, exact-birth-year tier, single agreeing candidate"
capitanes_arecibo,2010,year_param,flat_bo,full,Rosario Jose 'YoYo',surname_first,73,,,1_exact_birth_confirmed,1272,"Rosario Amaro, Jose R.",no,"partial_name, birth year agrees",confirmed_match,"owner accepted 2026-09-14, exact-birth-year tier, single agreeing candidate"
capitanes_arecibo,2010,year_param,flat_bo,full,Vidot Grimaldi Jr,surname_first,84,,,1_exact_birth_confirmed,826,"Vidot Colon, Grimaldi",no,"partial_name, birth year agrees",confirmed_match,"owner accepted 2026-09-14, exact-birth-year tier, single agreeing candidate"
capitanes_arecibo,2011,year_param,flat_bo,full,Alvarado Omar,surname_first,83,,,1_exact_birth_confirmed,1739,"Alvarado Sierra, Omar J.",yes,"exact_name, birth year agrees",confirmed_match,"owner accepted 2026-09-14, exact-birth-year tier, single agreeing candidate"
capitanes_arecibo,2011,year_param,flat_bo,full,Ayuso Larry,surname_first,77,,,1_exact_birth_confirmed,574,"Ayuso Carrillo, Elias",yes,"exact_name, birth year agrees",confirmed_match,"owner accepted 2026-09-14, exact-birth-year tier, single agreeing candidate"
capitanes_arecibo,2011,year_param,flat_bo,full,Bracey Bryan,surname_first,78,,,1_exact_birth_confirmed,2429,"Bracey, Bryan",no,"exact_name, birth year agrees",confirmed_match,"owner accepted 2026-09-14, exact-birth-year tier, single agreeing candidate"
capitanes_arecibo,2011,year_param,flat_bo,full,Cruz Rafael,surname_first,79,,,1_exact_birth_confirmed,1895,"Cruz Lopez, Rafael",yes,"exact_name, birth year agrees",confirmed_match,"owner accepted 2026-09-14, exact-birth-year tier, single agreeing candidate"
capitanes_arecibo,2011,year_param,flat_bo,full,Latimer Antonio,surname_first,78,,,1_exact_birth_confirmed,193,"Latimer Rivera, Antonio",yes,"exact_name, birth year agrees",confirmed_match,"owner accepted 2026-09-14, exact-birth-year tier, single agreeing candidate"
capitanes_arecibo,2011,year_param,flat_bo,full,Orozco William,surname_first,85,,,1_exact_birth_confirmed,2309,"Orozco Santiago, William",yes,"exact_name, birth year agrees",confirmed_match,"owner accepted 2026-09-14, exact-birth-year tier, single agreeing candidate"
capitanes_arecibo,2011,year_param,flat_bo,full,Pinnock Danilo,surname_first,83,,,1_exact_birth_confirmed,2599,"Pinnock, Danilo",yes,"exact_name, birth year agrees",confirmed_match,"owner accepted 2026-09-14, exact-birth-year tier, single agreeing candidate"
capitanes_arecibo,2011,year_param,flat_bo,full,Ramirez Edgardo,surname_first,86,,,1_exact_birth_confirmed,2374,"Ramirez Ortiz, Edgardo",yes,"exact_name, birth year agrees",confirmed_match,"owner accepted 2026-09-14, exact-birth-year tier, single agreeing candidate"
capitanes_arecibo,2011,year_param,flat_bo,full,Santiago Daniel,surname_first,76,,,1_exact_birth_confirmed,427,"Santiago Lynn, Daniel",yes,"exact_name, birth year agrees",confirmed_match,"owner accepted 2026-09-14, exact-birth-year tier, single agreeing candidate"
capitanes_arecibo,2012,year_param,flat_bo,full,Alvarado Omar,surname_first,83,,,1_exact_birth_confirmed,1739,"Alvarado Sierra, Omar J.",yes,"exact_name, birth year agrees",confirmed_match,"owner accepted 2026-09-14, exact-birth-year tier, single agreeing candidate"
capitanes_arecibo,2012,year_param,flat_bo,full,Apodaca Rick,surname_first,80,,,1_exact_birth_confirmed,2028,"Apodaca Perez, Rick",yes,"exact_name, birth year agrees",confirmed_match,"owner accepted 2026-09-14, exact-birth-year tier, single agreeing candidate"
capitanes_arecibo,2012,year_param,flat_bo,full,Ayuso Larry,surname_first,77,,,1_exact_birth_confirmed,574,"Ayuso Carrillo, Elias",yes,"exact_name, birth year agrees",confirmed_match,"owner accepted 2026-09-14, exact-birth-year tier, single agreeing candidate"
capitanes_arecibo,2012,year_param,flat_bo,full,Cruz Rafael,surname_first,79,,,1_exact_birth_confirmed,1895,"Cruz Lopez, Rafael",yes,"exact_name, birth year agrees",confirmed_match,"owner accepted 2026-09-14, exact-birth-year tier, single agreeing candidate"
capitanes_arecibo,2012,year_param,flat_bo,full,Garces Ruben,surname_first,73,,,1_exact_birth_confirmed,2737,"Garces Riquelme, Ruben",yes,"exact_name, birth year agrees",confirmed_match,"owner accepted 2026-09-14, exact-birth-year tier, single agreeing candidate"
capitanes_arecibo,2012,year_param,flat_bo,full,Latimer Antonio,surname_first,78,,,1_exact_birth_confirmed,193,"Latimer Rivera, Antonio",yes,"exact_name, birth year agrees",confirmed_match,"owner accepted 2026-09-14, exact-birth-year tier, single agreeing candidate"
capitanes_arecibo,2012,year_param,flat_bo,full,Melendez Ricardo,surname_first,83,,,1_exact_birth_confirmed,1995,"Melendez Huertas, Ricardo",yes,"exact_name, birth year agrees",confirmed_match,"owner accepted 2026-09-14, exact-birth-year tier, single agreeing candidate"
capitanes_arecibo,2012,year_param,flat_bo,full,Pinnock Danilo,surname_first,83,,,1_exact_birth_confirmed,2599,"Pinnock, Danilo",yes,"exact_name, birth year agrees",confirmed_match,"owner accepted 2026-09-14, exact-birth-year tier, single agreeing candidate"
capitanes_arecibo,2012,year_param,flat_bo,full,Ramirez Edgardo,surname_first,86,,,1_exact_birth_confirmed,2374,"Ramirez Ortiz, Edgardo",yes,"exact_name, birth year agrees",confirmed_match,"owner accepted 2026-09-14, exact-birth-year tier, single agreeing candidate"
capitanes_arecibo,2012,year_param,flat_bo,full,Rosa-Clemente Angel,surname_first,84,,,1_exact_birth_confirmed,148,"Rosa Clemente, Angel R.",yes,"exact_name, birth year agrees",confirmed_match,"owner accepted 2026-09-14, exact-birth-year tier, single agreeing candidate"
capitanes_arecibo,2012,year_param,flat_bo,full,Santiago Daniel,surname_first,76,,,1_exact_birth_confirmed,427,"Santiago Lynn, Daniel",yes,"exact_name, birth year agrees",confirmed_match,"owner accepted 2026-09-14, exact-birth-year tier, single agreeing candidate"
capitanes_arecibo,2012,year_param,flat_bo,full,Santiago Eddin 'Guayito',surname_first,79,,,1_exact_birth_confirmed,502,"Santiago Cordero, Eddin",yes,"partial_name, birth year agrees",confirmed_match,"owner accepted 2026-09-14, exact-birth-year tier, single agreeing candidate"
capitanes_arecibo,2013,year_param,flat_bo,full,Cruz Rafael,surname_first,79,,,1_exact_birth_confirmed,1895,"Cruz Lopez, Rafael",yes,"exact_name, birth year agrees",confirmed_match,"owner accepted 2026-09-14, exact-birth-year tier, single agreeing candidate"
capitanes_arecibo,2013,year_param,flat_bo,full,Diaz Guillermo,surname_first,85,,,1_exact_birth_confirmed,2666,"Diaz, Guillermo",yes,"exact_name, birth year agrees",confirmed_match,"owner accepted 2026-09-14, exact-birth-year tier, single agreeing candidate"
capitanes_arecibo,2013,year_param,flat_bo,full,Escalera Carlos,surname_first,79,,,1_exact_birth_confirmed,284,"Escalera Gonzalez, Carlos",yes,"exact_name, birth year agrees",confirmed_match,"owner accepted 2026-09-14, exact-birth-year tier, single agreeing candidate"
capitanes_arecibo,2013,year_param,flat_bo,full,Graham Joey,surname_first,82,,,1_exact_birth_confirmed,2769,"Graham, Joseph",yes,"exact_name, birth year agrees",confirmed_match,"owner accepted 2026-09-14, exact-birth-year tier, single agreeing candidate"
capitanes_arecibo,2013,year_param,flat_bo,full,Graham Stephen,surname_first,82,,,1_exact_birth_confirmed,2828,"Graham, Stephen",no,"exact_name, birth year agrees",confirmed_match,"owner accepted 2026-09-14, exact-birth-year tier, single agreeing candidate"
capitanes_arecibo,2013,year_param,flat_bo,full,Ramirez Edgardo,surname_first,86,,,1_exact_birth_confirmed,2374,"Ramirez Ortiz, Edgardo",no,"exact_name, birth year agrees",confirmed_match,"owner accepted 2026-09-14, exact-birth-year tier, single agreeing candidate"
capitanes_arecibo,2013,year_param,flat_bo,full,Ramos Peter John,surname_first,85,,,1_exact_birth_confirmed,1836,"Ramos Fuentes, Peter John",yes,"exact_name, birth year agrees",confirmed_match,"owner accepted 2026-09-14, exact-birth-year tier, single agreeing candidate"
capitanes_arecibo,2013,year_param,flat_bo,full,Rosa-Clemente Angel,surname_first,84,,,1_exact_birth_confirmed,148,"Rosa Clemente, Angel R.",yes,"exact_name, birth year agrees",confirmed_match,"owner accepted 2026-09-14, exact-birth-year tier, single agreeing candidate"
capitanes_arecibo,2013,year_param,flat_bo,full,Soto Josue,surname_first,88,,,1_exact_birth_confirmed,2604,"Soto Martinez, Josue",yes,"exact_name, birth year agrees",confirmed_match,"owner accepted 2026-09-14, exact-birth-year tier, single agreeing candidate"
capitanes_arecibo,2013,year_param,flat_bo,full,Vassallo Angel Daniel,surname_first,86,,,1_exact_birth_confirmed,2517,"Vassallo Colon, Angel D.",yes,"partial_name, birth year agrees",confirmed_match,"owner accepted 2026-09-14, exact-birth-year tier, single agreeing candidate"
capitanes_arecibo,2013,year_param,flat_bo,full,Verdejo Jesus,surname_first,85,,,1_exact_birth_confirmed,1041,"Verdejo, Jesus",yes,"exact_name, birth year agrees",confirmed_match,"owner accepted 2026-09-14, exact-birth-year tier, single agreeing candidate"
capitanes_arecibo,2017,year_param,flat_bo,full,Alamo Angel,surname_first,85,,,1_exact_birth_confirmed,2476,"Alamo Lopez, Angel",yes,"exact_name, birth year agrees",confirmed_match,"owner accepted 2026-09-14, exact-birth-year tier, single agreeing candidate"
capitanes_arecibo,2017,year_param,flat_bo,full,Balkman Renaldo,surname_first,84,,,1_exact_birth_confirmed,2849,"Balkman, Renaldo",no,"exact_name, birth year agrees",confirmed_match,"owner accepted 2026-09-14, exact-birth-year tier, single agreeing candidate"
capitanes_arecibo,2017,year_param,flat_bo,full,Behanan Chane,surname_first,92,,,1_exact_birth_confirmed,13089,"Behanan, Chane",no,"exact_name, birth year agrees",confirmed_match,"owner accepted 2026-09-14, exact-birth-year tier, single agreeing candidate"
capitanes_arecibo,2017,year_param,flat_bo,full,Clemente Denis,surname_first,86,,,1_exact_birth_confirmed,2702,"Clemente, Denis",yes,"exact_name, birth year agrees",confirmed_match,"owner accepted 2026-09-14, exact-birth-year tier, single agreeing candidate"
capitanes_arecibo,2017,year_param,flat_bo,full,Cortez David,surname_first,81,,,1_exact_birth_confirmed,448,"Cortes Ruiz, David",yes,"exact_name, birth year agrees",confirmed_match,"owner accepted 2026-09-14, exact-birth-year tier, single agreeing candidate"
capitanes_arecibo,2017,year_param,flat_bo,full,Diaz Guillermo,surname_first,85,,,1_exact_birth_confirmed,2666,"Diaz, Guillermo",yes,"exact_name, birth year agrees",confirmed_match,"owner accepted 2026-09-14, exact-birth-year tier, single agreeing candidate"
capitanes_arecibo,2017,year_param,flat_bo,full,Huertas David,surname_first,87,,,1_exact_birth_confirmed,451,"Huertas, David",yes,"exact_name, birth year agrees",confirmed_match,"owner accepted 2026-09-14, exact-birth-year tier, single agreeing candidate"
capitanes_arecibo,2017,year_param,flat_bo,full,Jones Joel,surname_first,81,,,1_exact_birth_confirmed,1064,"Jones Camacho, Joel",no,"exact_name, birth year agrees",confirmed_match,"owner accepted 2026-09-14, exact-birth-year tier, single agreeing candidate"
capitanes_arecibo,2017,year_param,flat_bo,full,Lalanne Cady,surname_first,92,,,1_exact_birth_confirmed,13106,"Lalanne, Cady",no,"exact_name, birth year agrees",confirmed_match,"owner accepted 2026-09-14, exact-birth-year tier, single agreeing candidate"
capitanes_arecibo,2017,year_param,flat_bo,full,Matias Angel,surname_first,92,,,1_exact_birth_confirmed,13066,"Matias De Leon, Angel L.",yes,"exact_name, birth year agrees",confirmed_match,"owner accepted 2026-09-14, exact-birth-year tier, single agreeing candidate"
capitanes_arecibo,2017,year_param,flat_bo,full,Pizarro Christian,surname_first,95,,,1_exact_birth_confirmed,13125,"Pizarro Rios, Christian Jomar",yes,"exact_name, birth year agrees",confirmed_match,"owner accepted 2026-09-14, exact-birth-year tier, single agreeing candidate"
capitanes_arecibo,2017,year_param,flat_bo,full,Rodriguez Joel,surname_first,96,,,1_exact_birth_confirmed,13068,"Rodriguez Rivera, Joel M.",yes,"exact_name, birth year agrees",confirmed_match,"owner accepted 2026-09-14, exact-birth-year tier, single agreeing candidate"
capitanes_arecibo,2017,year_param,flat_bo,full,Soto Christian,surname_first,87,,,1_exact_birth_confirmed,2672,"Soto Torres, Christian A.",yes,"exact_name, birth year agrees",confirmed_match,"owner accepted 2026-09-14, exact-birth-year tier, single agreeing candidate"
capitanes_arecibo,2017,year_param,flat_bo,full,Strong Carlos,surname_first,87,,,1_exact_birth_confirmed,2647,"Strong, Carlos",no,"exact_name, birth year agrees",confirmed_match,"owner accepted 2026-09-14, exact-birth-year tier, single agreeing candidate"
capitanes_arecibo,2017,year_param,flat_bo,full,Valencia Florentino,surname_first,85,,,1_exact_birth_confirmed,2353,"Valencia, Florentino",yes,"exact_name, birth year agrees",confirmed_match,"owner accepted 2026-09-14, exact-birth-year tier, single agreeing candidate"
capitanes_arecibo,2017,year_param,flat_bo,full,Vazquez Jason,surname_first,95,,,1_exact_birth_confirmed,13138,"Vazquez Candelaria, Jason S.",no,"exact_name, birth year agrees",confirmed_match,"owner accepted 2026-09-14, exact-birth-year tier, single agreeing candidate"
capitanes_arecibo,2018,year_param,flat_bo,full,Alamo Angel,surname_first,85,,,1_exact_birth_confirmed,2476,"Alamo Lopez, Angel",no,"exact_name, birth year agrees",confirmed_match,"owner accepted 2026-09-14, exact-birth-year tier, single agreeing candidate"
capitanes_arecibo,2018,year_param,flat_bo,full,Clemente Denis,surname_first,86,,,1_exact_birth_confirmed,2702,"Clemente, Denis",no,"exact_name, birth year agrees",confirmed_match,"owner accepted 2026-09-14, exact-birth-year tier, single agreeing candidate"
capitanes_arecibo,2018,year_param,flat_bo,full,Cortez David,surname_first,81,,,1_exact_birth_confirmed,448,"Cortes Ruiz, David",no,"exact_name, birth year agrees",confirmed_match,"owner accepted 2026-09-14, exact-birth-year tier, single agreeing candidate"
capitanes_arecibo,2018,year_param,flat_bo,full,Elonu Chinemelu,surname_first,87,,,1_exact_birth_confirmed,13031,"Elonu, Chinemelu",no,"exact_name, birth year agrees",confirmed_match,"owner accepted 2026-09-14, exact-birth-year tier, single agreeing candidate"
capitanes_arecibo,2018,year_param,flat_bo,full,Hodge Walter,surname_first,86,,,1_exact_birth_confirmed,2514,"Hodge Jr., Walter",no,"exact_name, birth year agrees",confirmed_match,"owner accepted 2026-09-14, exact-birth-year tier, single agreeing candidate"
capitanes_arecibo,2018,year_param,flat_bo,full,Huertas David,surname_first,87,,,1_exact_birth_confirmed,451,"Huertas, David",no,"exact_name, birth year agrees",confirmed_match,"owner accepted 2026-09-14, exact-birth-year tier, single agreeing candidate"
capitanes_arecibo,2018,year_param,flat_bo,full,Jefferson Davon,surname_first,86,,,1_exact_birth_confirmed,13108,"Jefferson, Davon",no,"exact_name, birth year agrees",confirmed_match,"owner accepted 2026-09-14, exact-birth-year tier, single agreeing candidate"
capitanes_arecibo,2018,year_param,flat_bo,full,Matias Angel,surname_first,92,,,1_exact_birth_confirmed,13066,"Matias De Leon, Angel L.",no,"exact_name, birth year agrees",confirmed_match,"owner accepted 2026-09-14, exact-birth-year tier, single agreeing candidate"
capitanes_arecibo,2018,year_param,flat_bo,full,Pizarro Christian,surname_first,95,,,1_exact_birth_confirmed,13125,"Pizarro Rios, Christian Jomar",no,"exact_name, birth year agrees",confirmed_match,"owner accepted 2026-09-14, exact-birth-year tier, single agreeing candidate"
capitanes_arecibo,2018,year_param,flat_bo,full,Rodriguez Joel,surname_first,96,,,1_exact_birth_confirmed,13068,"Rodriguez Rivera, Joel M.",no,"exact_name, birth year agrees",confirmed_match,"owner accepted 2026-09-14, exact-birth-year tier, single agreeing candidate"
capitanes_arecibo,2018,year_param,flat_bo,full,Soto Christian,surname_first,87,,,1_exact_birth_confirmed,2672,"Soto Torres, Christian A.",no,"exact_name, birth year agrees",confirmed_match,"owner accepted 2026-09-14, exact-birth-year tier, single agreeing candidate"
capitanes_arecibo,2018,year_param,flat_bo,full,Valencia Florentino,surname_first,85,,,1_exact_birth_confirmed,2353,"Valencia, Florentino",no,"exact_name, birth year agrees",confirmed_match,"owner accepted 2026-09-14, exact-birth-year tier, single agreeing candidate"
capitanes_arecibo,2014,capture_year,widget,full,Angel Alamo,given_first,,29,1985,2_approx_birth_confirmed,2476,"Alamo Lopez, Angel",yes,"exact_name, birth year agrees (source ~1985, canon 1985, age-derived +/-1)",confirmed_match,"owner accepted 2026-09-14, approx-birth-year tier, single agreeing candidate"
capitanes_arecibo,2014,capture_year,widget,full,David Cortes,given_first,,33,1981,2_approx_birth_confirmed,448,"Cortes Ruiz, David",yes,"exact_name, birth year agrees (source ~1981, canon 1981, age-derived +/-1)",confirmed_match,"owner accepted 2026-09-14, approx-birth-year tier, single agreeing candidate"
capitanes_arecibo,2014,capture_year,widget,full,Francis Jonathan Han,given_first,,27,1987,2_approx_birth_confirmed,2570,"Han Alicea, Francis Jonathan",yes,"exact_name, birth year agrees (source ~1987, canon 1987, age-derived +/-1)",confirmed_match,"owner accepted 2026-09-14, approx-birth-year tier, single agreeing candidate"
capitanes_arecibo,2014,capture_year,widget,full,Garret Siler,given_first,,28,1986,2_approx_birth_confirmed,2822,"Siler, Garret",no,"exact_name, birth year agrees (source ~1986, canon 1986, age-derived +/-1)",confirmed_match,"owner accepted 2026-09-14, approx-birth-year tier, single agreeing candidate"
capitanes_arecibo,2014,capture_year,widget,full,Guillermo Diaz,given_first,,29,1985,2_approx_birth_confirmed,2666,"Diaz, Guillermo",yes,"exact_name, birth year agrees (source ~1985, canon 1985, age-derived +/-1)",confirmed_match,"owner accepted 2026-09-14, approx-birth-year tier, single agreeing candidate"
capitanes_arecibo,2014,capture_year,widget,full,Leandro Garcia Morales,given_first,,34,1980,2_approx_birth_confirmed,12923,"Garcia Morales, Leandro",no,"exact_name, birth year agrees (source ~1980, canon 1980, age-derived +/-1)",confirmed_match,"owner accepted 2026-09-14, approx-birth-year tier, single agreeing candidate"
capitanes_arecibo,2014,capture_year,widget,full,Michael Alvarado,given_first,,22,1992,2_approx_birth_confirmed,12932,"Alvarado, Michael",no,"exact_name, birth year agrees (source ~1992, canon 1992, age-derived +/-1)",confirmed_match,"owner accepted 2026-09-14, approx-birth-year tier, single agreeing candidate"
capitanes_arecibo,2014,capture_year,widget,full,Orin O'Bryant,given_first,,27,1987,2_approx_birth_confirmed,2913,"O'Bryant, O",yes,"exact_name, birth year agrees (source ~1987, canon 1987, age-derived +/-1)",confirmed_match,"owner accepted 2026-09-14, approx-birth-year tier, single agreeing candidate"
capitanes_arecibo,2014,capture_year,widget,full,Renaldo Balkman,given_first,,30,1984,2_approx_birth_confirmed,2849,"Balkman, Renaldo",yes,"exact_name, birth year agrees (source ~1984, canon 1984, age-derived +/-1)",confirmed_match,"owner accepted 2026-09-14, approx-birth-year tier, single agreeing candidate"
capitanes_arecibo,2016,capture_year,widget,partial,Angel Alamo,given_first,,31,1985,2_approx_birth_confirmed,2476,"Alamo Lopez, Angel",yes,"exact_name, birth year agrees (source ~1985, canon 1985, age-derived +/-1)",confirmed_match,"owner accepted 2026-09-14, approx-birth-year tier, single agreeing candidate"
capitanes_arecibo,2016,capture_year,widget,full,Cady Lalanne,given_first,,24,1992,2_approx_birth_confirmed,13106,"Lalanne, Cady",no,"exact_name, birth year agrees (source ~1992, canon 1992, age-derived +/-1)",confirmed_match,"owner accepted 2026-09-14, approx-birth-year tier, single agreeing candidate"
capitanes_arecibo,2016,capture_year,widget,full,Coty Clarke,given_first,,24,1992,2_approx_birth_confirmed,13107,"Clarke, Coty",yes,"exact_name, birth year agrees (source ~1992, canon 1992, age-derived +/-1)",confirmed_match,"owner accepted 2026-09-14, approx-birth-year tier, single agreeing candidate"
capitanes_arecibo,2016,capture_year,widget,partial,Cuthbert Victor,given_first,,33,1983,2_approx_birth_confirmed,13097,"Victor, Cuthbert",no,"exact_name, birth year agrees (source ~1983, canon 1983, age-derived +/-1)",confirmed_match,"owner accepted 2026-09-14, approx-birth-year tier, single agreeing candidate"
capitanes_arecibo,2016,capture_year,widget,partial,David Cortez,given_first,,34,1982,2_approx_birth_confirmed,448,"Cortes Ruiz, David",yes,"exact_name, birth year agrees (source ~1982, canon 1981, age-derived +/-1)",confirmed_match,"owner accepted 2026-09-14, approx-birth-year tier, single agreeing candidate"
capitanes_arecibo,2016,capture_year,widget,partial,David Huertas,given_first,,29,1987,2_approx_birth_confirmed,451,"Huertas, David",yes,"exact_name, birth year agrees (source ~1987, canon 1987, age-derived +/-1)",confirmed_match,"owner accepted 2026-09-14, approx-birth-year tier, single agreeing candidate"
capitanes_arecibo,2016,capture_year,widget,full,Davon Jefferson,given_first,,29,1987,2_approx_birth_confirmed,13108,"Jefferson, Davon",no,"exact_name, birth year agrees (source ~1987, canon 1986, age-derived +/-1)",confirmed_match,"owner accepted 2026-09-14, approx-birth-year tier, single agreeing candidate"
capitanes_arecibo,2016,capture_year,widget,partial,Denis Clemente,given_first,,30,1986,2_approx_birth_confirmed,2702,"Clemente, Denis",yes,"exact_name, birth year agrees (source ~1986, canon 1986, age-derived +/-1)",confirmed_match,"owner accepted 2026-09-14, approx-birth-year tier, single agreeing candidate"
capitanes_arecibo,2016,capture_year,widget,full,Guillermo Diaz,given_first,,31,1985,2_approx_birth_confirmed,2666,"Diaz, Guillermo",yes,"exact_name, birth year agrees (source ~1985, canon 1985, age-derived +/-1)",confirmed_match,"owner accepted 2026-09-14, approx-birth-year tier, single agreeing candidate"
capitanes_arecibo,2016,capture_year,widget,full,Joel Jones,given_first,,35,1981,2_approx_birth_confirmed,1064,"Jones Camacho, Joel",no,"exact_name, birth year agrees (source ~1981, canon 1981, age-derived +/-1)",confirmed_match,"owner accepted 2026-09-14, approx-birth-year tier, single agreeing candidate"
capitanes_arecibo,2016,capture_year,widget,full,Joel Nieves,given_first,,30,1986,2_approx_birth_confirmed,2375,"Nieves Perez, Joel",yes,"exact_name, birth year agrees (source ~1986, canon 1986, age-derived +/-1)",confirmed_match,"owner accepted 2026-09-14, approx-birth-year tier, single agreeing candidate"
capitanes_arecibo,2016,capture_year,widget,full,Joel Rodriguez,given_first,,19,1997,2_approx_birth_confirmed,13068,"Rodriguez Rivera, Joel M.",yes,"exact_name, birth year agrees (source ~1997, canon 1996, age-derived +/-1)",confirmed_match,"owner accepted 2026-09-14, approx-birth-year tier, single agreeing candidate"
capitanes_arecibo,2016,capture_year,widget,full,Renaldo Balkman,given_first,,32,1984,2_approx_birth_confirmed,2849,"Balkman, Renaldo",yes,"exact_name, birth year agrees (source ~1984, canon 1984, age-derived +/-1)",confirmed_match,"owner accepted 2026-09-14, approx-birth-year tier, single agreeing candidate"
capitanes_arecibo,2016,capture_year,widget,full,Walter Hodge,given_first,,29,1987,2_approx_birth_confirmed,2514,"Hodge Jr., Walter",yes,"exact_name, birth year agrees (source ~1987, canon 1986, age-derived +/-1)",confirmed_match,"owner accepted 2026-09-14, approx-birth-year tier, single agreeing candidate"
capitanes_arecibo,2019,capture_year,widget,partial,Andre Emmett,given_first,,36,1983,2_approx_birth_confirmed,2655,"Emmett, Andre",no,"exact_name, birth year agrees (source ~1983, canon 1982, age-derived +/-1)",confirmed_match,"owner accepted 2026-09-14, approx-birth-year tier, single agreeing candidate"
capitanes_arecibo,2019,capture_year,widget,full,Carlos Lopez-Sosa,given_first,,28,1991,2_approx_birth_confirmed,2521,"Lopez Sosa, Carlos",no,"exact_name, birth year agrees (source ~1991, canon 1990, age-derived +/-1)",confirmed_match,"owner accepted 2026-09-14, approx-birth-year tier, single agreeing candidate"
capitanes_arecibo,2019,capture_year,widget,full,Christian Pizarro,given_first,,24,1995,2_approx_birth_confirmed,13125,"Pizarro Rios, Christian Jomar",no,"exact_name, birth year agrees (source ~1995, canon 1995, age-derived +/-1)",confirmed_match,"owner accepted 2026-09-14, approx-birth-year tier, single agreeing candidate"
capitanes_arecibo,2019,capture_year,widget,full,Denis Clemente,given_first,,32,1987,2_approx_birth_confirmed,2702,"Clemente, Denis",no,"exact_name, birth year agrees (source ~1987, canon 1986, age-derived +/-1)",confirmed_match,"owner accepted 2026-09-14, approx-birth-year tier, single agreeing candidate"
capitanes_arecibo,2019,capture_year,widget,full,Johwen Villegas,given_first,,33,1986,2_approx_birth_confirmed,2386,"Villegas Mercado, Johwen",no,"exact_name, birth year agrees (source ~1986, canon 1985, age-derived +/-1)",confirmed_match,"owner accepted 2026-09-14, approx-birth-year tier, single agreeing candidate"
capitanes_arecibo,2019,capture_year,widget,full,Rakeem Christmas,given_first,,27,1992,2_approx_birth_confirmed,13263,"Christmas, Rakeem",no,"exact_name, birth year agrees (source ~1992, canon 1991, age-derived +/-1)",confirmed_match,"owner accepted 2026-09-14, approx-birth-year tier, single agreeing candidate"
capitanes_arecibo,2019,capture_year,widget,full,Raymond Cintron Cortes,given_first,,29,1990,2_approx_birth_confirmed,2826,"Cintron Cortes, Raymond",no,"exact_name, birth year agrees (source ~1990, canon 1990, age-derived +/-1)",confirmed_match,"owner accepted 2026-09-14, approx-birth-year tier, single agreeing candidate"
capitanes_arecibo,2019,capture_year,widget,full,Trey Gilder,given_first,,34,1985,2_approx_birth_confirmed,13212,"Gilder, Trey",no,"exact_name, birth year agrees (source ~1985, canon 1985, age-derived +/-1)",confirmed_match,"owner accepted 2026-09-14, approx-birth-year tier, single agreeing candidate"
capitanes_arecibo,2019,capture_year,widget,full,Victor Rudd,given_first,,28,1991,2_approx_birth_confirmed,13210,"Rudd, Victor",no,"exact_name, birth year agrees (source ~1991, canon 1991, age-derived +/-1)",confirmed_match,"owner accepted 2026-09-14, approx-birth-year tier, single agreeing candidate"
capitanes_arecibo,2019,capture_year,widget,full,Wilfredo Rodriguez,given_first,,24,1995,2_approx_birth_confirmed,13170,"Rodriguez Valentin, Wilfredo",no,"exact_name, birth year agrees (source ~1995, canon 1994, age-derived +/-1)",confirmed_match,"owner accepted 2026-09-14, approx-birth-year tier, single agreeing candidate"
capitanes_arecibo,2009,year_param,flat_bo,full,Hernandez Samuel,surname_first,86,,,3_no_birth_data_name_shape,2583,"Hernandez De Jesus, Samuel",yes,"name-shape match only, canonical record has no birth_year to confirm or reject with (the merge_jugador05 bug class) - never auto-accept",insufficient_evidence,"owner reviewed 2026-09-14: no independent corroboration, left unresolved rather than force a pick"
capitanes_arecibo,2010,year_param,flat_bo,full,Burgos Jerome,surname_first,89,,,3_no_birth_data_name_shape,2626,"Burgos, Jerome",no,"name-shape match only, canonical record has no birth_year to confirm or reject with (the merge_jugador05 bug class) - never auto-accept",insufficient_evidence,"owner reviewed 2026-09-14: no independent corroboration, left unresolved rather than force a pick"
capitanes_arecibo,2011,year_param,flat_bo,full,Nieves Joel,surname_first,,,,3_no_birth_data_name_shape,2375,"Nieves Perez, Joel",no,"name-shape match only; this source row has no age/birth signal of its own to compare (a photo_strip/bench-only entry) - canon does have birth_year=1986 on file, just nothing on this row to check it against - never auto-accept",insufficient_evidence,"owner reviewed 2026-09-14: no independent corroboration, left unresolved rather than force a pick"
capitanes_arecibo,2013,year_param,flat_bo,full,Desiderio Angel,surname_first,,,,3_no_birth_data_name_shape,2801,"Desiderio, Angel",yes,"name-shape match only; this source row has no age/birth signal of its own to compare (a photo_strip/bench-only entry) - canon does have birth_year=1992 on file, just nothing on this row to check it against - never auto-accept",insufficient_evidence,"owner reviewed 2026-09-14: no independent corroboration, left unresolved rather than force a pick"
capitanes_arecibo,2013,year_param,flat_bo,full,Pacheco William,surname_first,,,,3_no_birth_data_name_shape,2803,"Pacheco, William",no,name-shape match only; this source row has no age/birth signal of its own to compare (a photo_strip/bench-only entry) and the canonical record has no birth_year either (the merge_jugador05 bug class) - never auto-accept,insufficient_evidence,"owner reviewed 2026-09-14: no independent corroboration, left unresolved rather than force a pick"
capitanes_arecibo,2009,year_param,flat_bo,full,Rivera Raul,surname_first,82,,,4_ambiguous_multi_candidate,1947;1948,"1947 Rivera, Raul; 1948 Rivera Ramos, Raul",,multiple candidates all agree on birth year - needs manual pick,confirmed_match,"owner reviewed 2026-09-14: keep confirmed_match as-is (the real person is correctly identified either way). 1947 Rivera, Raul and 1948 Rivera Ramos, Raul share the exact same birthdate (8/31/1982) - reads as a pre-existing canonical-file duplicate, not two different real people. Logged as a new Tier-1 duplicate-triage lead, alongside Figueroa, Acevedo Angel, Tony Mitchell, Cruz Alvin, and Lopez Ivan."
capitanes_arecibo,2010,year_param,flat_bo,full,Rivera Raul,surname_first,82,,,4_ambiguous_multi_candidate,1947;1948,"1947 Rivera, Raul; 1948 Rivera Ramos, Raul",,multiple candidates all agree on birth year - needs manual pick,confirmed_match,"owner reviewed 2026-09-14: keep confirmed_match as-is (the real person is correctly identified either way). 1947 Rivera, Raul and 1948 Rivera Ramos, Raul share the exact same birthdate (8/31/1982) - reads as a pre-existing canonical-file duplicate, not two different real people. Logged as a new Tier-1 duplicate-triage lead, alongside Figueroa, Acevedo Angel, Tony Mitchell, Cruz Alvin, and Lopez Ivan."
capitanes_arecibo,2013,year_param,flat_bo,full,Rodriguez Carlos,surname_first,83,,,4_ambiguous_multi_candidate,2644;308,"2644 Rodriguez, Carlos; 308 Rodriguez Vega, Carlos",,"multiple name-shape candidates, none has a birth_year to pick between them - needs manual review, not just confirmation of one",insufficient_evidence,"owner reviewed 2026-09-14: genuine weak ambiguity, not a duplicate-birthdate case - 2644 Rodriguez, Carlos is a real record (Arecibo, 2010-2013) vs 308 Rodriguez Vega, Carlos, a bare stub with no data at all. No corroboration to pick between them, left unresolved."
capitanes_arecibo,2014,capture_year,widget,full,Alvin Cruz,given_first,,32,1982,4_ambiguous_multi_candidate,73;74,"73 Cruz, Alvin; 74 Cruz Torres, Alvin",,multiple candidates all agree on birth year - needs manual pick,confirmed_match,"owner reviewed 2026-09-14: keep confirmed_match as-is. Same 73/74 Cruz Alvin duplicate pair already logged as a Tier-1 triage lead via leones_ponce (exact birthdate match, 4/24/1982) - this is the same lead recurring, not a new one."
capitanes_arecibo,2016,capture_year,widget,full,Alvin Cruz,given_first,,34,1982,4_ambiguous_multi_candidate,73;74,"73 Cruz, Alvin; 74 Cruz Torres, Alvin",,multiple candidates all agree on birth year - needs manual pick,confirmed_match,"owner reviewed 2026-09-14: keep confirmed_match as-is. Same 73/74 Cruz Alvin duplicate pair already logged as a Tier-1 triage lead via leones_ponce (exact birthdate match, 4/24/1982) - this is the same lead recurring, not a new one."
capitanes_arecibo,2017,year_param,flat_bo,full,Cruz Alvin,surname_first,82,,,4_ambiguous_multi_candidate,73;74,"73 Cruz, Alvin; 74 Cruz Torres, Alvin",,multiple candidates all agree on birth year - needs manual pick,confirmed_match,"owner reviewed 2026-09-14: keep confirmed_match as-is. Same 73/74 Cruz Alvin duplicate pair already logged as a Tier-1 triage lead via leones_ponce (exact birthdate match, 4/24/1982) - this is the same lead recurring, not a new one."
capitanes_arecibo,2018,year_param,flat_bo,full,Cruz Alvin,surname_first,82,,,4_ambiguous_multi_candidate,73;74,"73 Cruz, Alvin; 74 Cruz Torres, Alvin",,multiple candidates all agree on birth year - needs manual pick,confirmed_match,"owner reviewed 2026-09-14: keep confirmed_match as-is. Same 73/74 Cruz Alvin duplicate pair already logged as a Tier-1 triage lead via leones_ponce (exact birthdate match, 4/24/1982) - this is the same lead recurring, not a new one."
capitanes_arecibo,2009,year_param,flat_bo,full,Aubry Jeff,surname_first,76,,,5_no_canonical_match,,,,no existing canonical player matches this name shape at all -> new-player mint proposal,insufficient_evidence,"owner reviewed 2026-09-14: no independent corroboration, left unresolved rather than force a pick"
capitanes_arecibo,2009,year_param,flat_bo,full,Ricardo Osiris,surname_first,77,,,5_no_canonical_match,,,,"name-shape candidate(s) exist but birth year contradicts all of them (1766 Ricardo Gonzalez, Osiris) - treated as a different person, new-player mint proposal",insufficient_evidence,"owner reviewed 2026-09-14: no independent corroboration, left unresolved rather than force a pick"
capitanes_arecibo,2010,year_param,flat_bo,full,Aubry Jeffrion,surname_first,76,,,5_no_canonical_match,,,,"name-shape candidate(s) exist but birth year contradicts all of them (1025 Aubry Flores, Jeffrion) - treated as a different person, new-player mint proposal",insufficient_evidence,"owner reviewed 2026-09-14: no independent corroboration, left unresolved rather than force a pick"
capitanes_arecibo,2010,year_param,flat_bo,full,Johnson Haakim,surname_first,,,,5_no_canonical_match,,,,no existing canonical player matches this name shape at all -> new-player mint proposal,insufficient_evidence,"owner reviewed 2026-09-14: no independent corroboration, left unresolved rather than force a pick"
capitanes_arecibo,2010,year_param,flat_bo,full,Wells Bonzi,surname_first,76,,,5_no_canonical_match,,,,no existing canonical player matches this name shape at all -> new-player mint proposal,insufficient_evidence,"owner reviewed 2026-09-14: no independent corroboration, left unresolved rather than force a pick"
capitanes_arecibo,2011,year_param,flat_bo,full,Aubry Jeffrion,surname_first,76,,,5_no_canonical_match,,,,"name-shape candidate(s) exist but birth year contradicts all of them (1025 Aubry Flores, Jeffrion) - treated as a different person, new-player mint proposal",insufficient_evidence,"owner reviewed 2026-09-14: no independent corroboration, left unresolved rather than force a pick"
capitanes_arecibo,2011,year_param,flat_bo,full,Rivera Manuel,surname_first,,,,5_no_canonical_match,,,,no existing canonical player matches this name shape at all -> new-player mint proposal,insufficient_evidence,"owner reviewed 2026-09-14: no independent corroboration, left unresolved rather than force a pick"
capitanes_arecibo,2011,year_param,flat_bo,full,Ruiz David,surname_first,82,,,5_no_canonical_match,,,,no existing canonical player matches this name shape at all -> new-player mint proposal,insufficient_evidence,"owner reviewed 2026-09-14: no independent corroboration, left unresolved rather than force a pick"
capitanes_arecibo,2013,year_param,flat_bo,full,Cortes Ruiz David,surname_first,82,,,5_no_canonical_match,,,,"name-shape candidate(s) exist but birth year contradicts all of them (448 Cortes Ruiz, David) - treated as a different person, new-player mint proposal",insufficient_evidence,"owner reviewed 2026-09-14: no independent corroboration, left unresolved rather than force a pick"
capitanes_arecibo,2013,year_param,flat_bo,full,Graterol Windi,surname_first,86,,,5_no_canonical_match,,,,no existing canonical player matches this name shape at all -> new-player mint proposal,insufficient_evidence,"owner reviewed 2026-09-14: no independent corroboration, left unresolved rather than force a pick"
capitanes_arecibo,2017,year_param,flat_bo,full,Toro Freddy,surname_first,88,,,5_no_canonical_match,,,,no existing canonical player matches this name shape at all -> new-player mint proposal,insufficient_evidence,"owner reviewed 2026-09-14: no independent corroboration, left unresolved rather than force a pick"
capitanes_arecibo,2018,year_param,flat_bo,full,Toro Freddy,surname_first,88,,,5_no_canonical_match,,,,no existing canonical player matches this name shape at all -> new-player mint proposal,insufficient_evidence,"owner reviewed 2026-09-14: no independent corroboration, left unresolved rather than force a pick"
capitanes_arecibo,2019,capture_year,widget,full,Elijah Holman,given_first,,30,1989,5_no_canonical_match,,,,no existing canonical player matches this name shape at all -> new-player mint proposal,insufficient_evidence,"owner reviewed 2026-09-14: no independent corroboration, left unresolved rather than force a pick"
