season,champion,runner_up,confidence,notes,source
1930,Capitalinos de San Juan,Vaqueros de Bayamon,single-source,,en.wikipedia.org/wiki/Baloncesto_Superior_Nacional
1931,Capitalinos de San Juan,Atleticos de San German,single-source,,en.wikipedia.org/wiki/Baloncesto_Superior_Nacional
1932,Atleticos de San German,Capitanes de Arecibo,single-source,,en.wikipedia.org/wiki/Baloncesto_Superior_Nacional
1933,Vaqueros de Bayamon,Atleticos de San German,single-source,,en.wikipedia.org/wiki/Baloncesto_Superior_Nacional
1934,Vega Baja,Vaqueros de Bayamon,single-source,,en.wikipedia.org/wiki/Baloncesto_Superior_Nacional
1935,Vaqueros de Bayamon,Vega Baja,single-source,,en.wikipedia.org/wiki/Baloncesto_Superior_Nacional
1936,Club Nautico de San Juan,Atleticos de San German,single-source,,en.wikipedia.org/wiki/Baloncesto_Superior_Nacional
1937,Vega Baja,Piratas de Quebradillas,single-source,,en.wikipedia.org/wiki/Baloncesto_Superior_Nacional
1938,Atleticos de San German,,incomplete,MISSING runner-up,en.wikipedia.org/wiki/Baloncesto_Superior_Nacional
1939,Atleticos de San German,Vega Baja,single-source,,en.wikipedia.org/wiki/Baloncesto_Superior_Nacional
1940,Capitalinos de San Juan,Atleticos de San German,single-source,,en.wikipedia.org/wiki/Baloncesto_Superior_Nacional
1941,Atleticos de San German,Cardenales de Rio Piedras,single-source,,en.wikipedia.org/wiki/Baloncesto_Superior_Nacional
1942,Atleticos de San German,Cangrejeros de Santurce,single-source,,en.wikipedia.org/wiki/Baloncesto_Superior_Nacional
1943,Cocoteros de Tortuguero,Capitalinos de San Juan,single-source,,en.wikipedia.org/wiki/Baloncesto_Superior_Nacional
1944,Gallitos de la UPR,Capitalinos de San Juan,single-source,,en.wikipedia.org/wiki/Baloncesto_Superior_Nacional
1945,Capitalinos de San Juan,Gallitos de la UPR,single-source,,en.wikipedia.org/wiki/Baloncesto_Superior_Nacional
1946,Cardenales de Rio Piedras,Capitanes de Arecibo,single-source,,en.wikipedia.org/wiki/Baloncesto_Superior_Nacional
1947,Atleticos de San German,Cardenales de Rio Piedras,single-source,,en.wikipedia.org/wiki/Baloncesto_Superior_Nacional
1948,Atleticos de San German,Capitanes de Arecibo,single-source,,en.wikipedia.org/wiki/Baloncesto_Superior_Nacional
1949,Atleticos de San German,Leones de Ponce,single-source,,en.wikipedia.org/wiki/Baloncesto_Superior_Nacional
1950,Atleticos de San German,Capitalinos de San Juan,single-source,,en.wikipedia.org/wiki/Baloncesto_Superior_Nacional
1951,Gallitos de la UPR,Cangrejeros de Santurce,single-source,,en.wikipedia.org/wiki/Baloncesto_Superior_Nacional
1952,Leones de Ponce,Cangrejeros de Santurce,single-source,,en.wikipedia.org/wiki/Baloncesto_Superior_Nacional
1953,,,incomplete,MISSING champion; MISSING runner-up,en.wikipedia.org/wiki/Baloncesto_Superior_Nacional
1954,Leones de Ponce,Atleticos de San German,single-source,,en.wikipedia.org/wiki/Baloncesto_Superior_Nacional
1955,Cardenales de Rio Piedras,Atleticos de San German,single-source,,en.wikipedia.org/wiki/Baloncesto_Superior_Nacional
1956,Cardenales de Rio Piedras,Atleticos de San German,single-source,,en.wikipedia.org/wiki/Baloncesto_Superior_Nacional
1957,Cardenales de Rio Piedras,Atleticos de San German,single-source,,en.wikipedia.org/wiki/Baloncesto_Superior_Nacional
1958,Capitalinos de San Juan,Leones de Ponce,single-source,,en.wikipedia.org/wiki/Baloncesto_Superior_Nacional
1959,Capitanes de Arecibo,Cardenales de Rio Piedras,single-source,,en.wikipedia.org/wiki/Baloncesto_Superior_Nacional
1960,Leones de Ponce,Cardenales de Rio Piedras,single-source,,en.wikipedia.org/wiki/Baloncesto_Superior_Nacional
1961,Leones de Ponce,Capitanes de Arecibo,single-source,,en.wikipedia.org/wiki/Baloncesto_Superior_Nacional
1962,Cangrejeros de Santurce,Cardenales de Rio Piedras,single-source,,en.wikipedia.org/wiki/Baloncesto_Superior_Nacional
1963,Cardenales de Rio Piedras,Leones de Ponce,single-source,,en.wikipedia.org/wiki/Baloncesto_Superior_Nacional
1964,Leones de Ponce,Cangrejeros de Santurce,single-source,,en.wikipedia.org/wiki/Baloncesto_Superior_Nacional
1965,Leones de Ponce,Atleticos de San German,single-source,,en.wikipedia.org/wiki/Baloncesto_Superior_Nacional
1966,Leones de Ponce,Capitanes de Arecibo,single-source,,en.wikipedia.org/wiki/Baloncesto_Superior_Nacional
1967,Vaqueros de Bayamon,Leones de Ponce,single-source,,en.wikipedia.org/wiki/Baloncesto_Superior_Nacional
1968,Cangrejeros de Santurce,Cardenales de Rio Piedras,single-source,,en.wikipedia.org/wiki/Baloncesto_Superior_Nacional
1969,Vaqueros de Bayamon,Cardenales de Rio Piedras,single-source,,en.wikipedia.org/wiki/Baloncesto_Superior_Nacional
1970,Piratas de Quebradillas,Vaqueros de Bayamon,single-source,,en.wikipedia.org/wiki/Baloncesto_Superior_Nacional
1971,Vaqueros de Bayamon,Cardenales de Rio Piedras,single-source,,en.wikipedia.org/wiki/Baloncesto_Superior_Nacional
1972,Vaqueros de Bayamon,Piratas de Quebradillas,single-source,,en.wikipedia.org/wiki/Baloncesto_Superior_Nacional
1973,Vaqueros de Bayamon,Piratas de Quebradillas,single-source,,en.wikipedia.org/wiki/Baloncesto_Superior_Nacional
1974,Vaqueros de Bayamon,Capitalinos de San Juan,single-source,,en.wikipedia.org/wiki/Baloncesto_Superior_Nacional
1975,Vaqueros de Bayamon,Piratas de Quebradillas,single-source,,en.wikipedia.org/wiki/Baloncesto_Superior_Nacional
1976,Cardenales de Rio Piedras,Piratas de Quebradillas,single-source,,en.wikipedia.org/wiki/Baloncesto_Superior_Nacional
1977,Piratas de Quebradillas,Cardenales de Rio Piedras,single-source,,en.wikipedia.org/wiki/Baloncesto_Superior_Nacional
1978,Piratas de Quebradillas,Mets de Guaynabo,single-source,,en.wikipedia.org/wiki/Baloncesto_Superior_Nacional
1979,Piratas de Quebradillas,Gigantes de Carolina,single-source,,en.wikipedia.org/wiki/Baloncesto_Superior_Nacional
1980,Mets de Guaynabo,Piratas de Quebradillas,single-source,,en.wikipedia.org/wiki/Baloncesto_Superior_Nacional
1981,Vaqueros de Bayamon,Mets de Guaynabo,single-source,,en.wikipedia.org/wiki/Baloncesto_Superior_Nacional
1982,Mets de Guaynabo,Piratas de Quebradillas,single-source,,en.wikipedia.org/wiki/Baloncesto_Superior_Nacional
1983,Indios de Canovanas,Mets de Guaynabo,single-source,,en.wikipedia.org/wiki/Baloncesto_Superior_Nacional
1984,Indios de Canovanas,Gallitos de Isabela,single-source,,en.wikipedia.org/wiki/Baloncesto_Superior_Nacional
1985,Atleticos de San German,Mets de Guaynabo,single-source,,en.wikipedia.org/wiki/Baloncesto_Superior_Nacional
1986,Polluelos de Aibonito,Atleticos de San German,single-source,,en.wikipedia.org/wiki/Baloncesto_Superior_Nacional
1987,Titanes de Morovis,Polluelos de Aibonito,single-source,,en.wikipedia.org/wiki/Baloncesto_Superior_Nacional
1988,Vaqueros de Bayamon,Indios de Canovanas,single-source,,en.wikipedia.org/wiki/Baloncesto_Superior_Nacional
1989,Mets de Guaynabo,Leones de Ponce,single-source,,en.wikipedia.org/wiki/Baloncesto_Superior_Nacional
1990,Leones de Ponce,Mets de Guaynabo,single-source,,en.wikipedia.org/wiki/Baloncesto_Superior_Nacional
1991,Atleticos de San German,Brujos de Guayama,single-source,,en.wikipedia.org/wiki/Baloncesto_Superior_Nacional
1992,Leones de Ponce,Capitanes de Arecibo,single-source,,en.wikipedia.org/wiki/Baloncesto_Superior_Nacional
1993,Leones de Ponce,Mets de Guaynabo,single-source,,en.wikipedia.org/wiki/Baloncesto_Superior_Nacional
1994,Atleticos de San German,Brujos de Guayama,single-source,,en.wikipedia.org/wiki/Baloncesto_Superior_Nacional
1995,Vaqueros de Bayamon,Leones de Ponce,single-source,,en.wikipedia.org/wiki/Baloncesto_Superior_Nacional
1996,Vaqueros de Bayamon,Leones de Ponce,single-source,,en.wikipedia.org/wiki/Baloncesto_Superior_Nacional
1997,Atleticos de San German,Gigantes de Carolina,single-source,,en.wikipedia.org/wiki/Baloncesto_Superior_Nacional
1998,Cangrejeros de Santurce,Leones de Ponce,single-source,,en.wikipedia.org/wiki/Baloncesto_Superior_Nacional
1999,Cangrejeros de Santurce,Piratas de Quebradillas,single-source,,en.wikipedia.org/wiki/Baloncesto_Superior_Nacional
2000,Cangrejeros de Santurce,Piratas de Quebradillas,single-source,,en.wikipedia.org/wiki/Baloncesto_Superior_Nacional
2001,Cangrejeros de Santurce,Vaqueros de Bayamon,single-source,,en.wikipedia.org/wiki/Baloncesto_Superior_Nacional
2002,Leones de Ponce,Vaqueros de Bayamon,single-source,,en.wikipedia.org/wiki/Baloncesto_Superior_Nacional
2003,Cangrejeros de Santurce,Leones de Ponce,single-source,,en.wikipedia.org/wiki/Baloncesto_Superior_Nacional
2004,Leones de Ponce,Maratonistas de Coamo,single-source,,en.wikipedia.org/wiki/Baloncesto_Superior_Nacional
2005,Capitanes de Arecibo,Vaqueros de Bayamon,single-source,,en.wikipedia.org/wiki/Baloncesto_Superior_Nacional
2006,Criollos de Caguas,Cangrejeros de Santurce,single-source,,en.wikipedia.org/wiki/Baloncesto_Superior_Nacional
2007,Cangrejeros de Santurce,Capitanes de Arecibo,single-source,,en.wikipedia.org/wiki/Baloncesto_Superior_Nacional
2008,Capitanes de Arecibo,Gigantes de Carolina,single-source,,en.wikipedia.org/wiki/Baloncesto_Superior_Nacional
2009,Vaqueros de Bayamon,Piratas de Quebradillas,single-source,,en.wikipedia.org/wiki/Baloncesto_Superior_Nacional
2010,Capitanes de Arecibo,Vaqueros de Bayamon,single-source,,en.wikipedia.org/wiki/Baloncesto_Superior_Nacional
2011,Capitanes de Arecibo,Piratas de Quebradillas,single-source,,en.wikipedia.org/wiki/Baloncesto_Superior_Nacional
2012,Indios de Mayaguez,Capitanes de Arecibo,single-source,,en.wikipedia.org/wiki/Baloncesto_Superior_Nacional
2013,Piratas de Quebradillas,Leones de Ponce,single-source,,en.wikipedia.org/wiki/Baloncesto_Superior_Nacional
2014,Leones de Ponce,Capitanes de Arecibo,single-source,,en.wikipedia.org/wiki/Baloncesto_Superior_Nacional
2015,Leones de Ponce,Capitanes de Arecibo,single-source,,en.wikipedia.org/wiki/Baloncesto_Superior_Nacional
2016,Capitanes de Arecibo,Vaqueros de Bayamon,single-source,,en.wikipedia.org/wiki/Baloncesto_Superior_Nacional
2017,Piratas de Quebradillas,Capitanes de Arecibo,single-source,,en.wikipedia.org/wiki/Baloncesto_Superior_Nacional
2018,Capitanes de Arecibo,Vaqueros de Bayamon,single-source,,en.wikipedia.org/wiki/Baloncesto_Superior_Nacional
2019,Santeros de Aguada,Leones de Ponce,single-source,,en.wikipedia.org/wiki/Baloncesto_Superior_Nacional
2020,Vaqueros de Bayamon,Piratas de Quebradillas,single-source,,en.wikipedia.org/wiki/Baloncesto_Superior_Nacional
2021,Capitanes de Arecibo,Mets de Guaynabo,single-source,,en.wikipedia.org/wiki/Baloncesto_Superior_Nacional
2022,Vaqueros de Bayamon,Atleticos de San German,single-source,,en.wikipedia.org/wiki/Baloncesto_Superior_Nacional
2023,Gigantes de Carolina,Vaqueros de Bayamon,single-source,,en.wikipedia.org/wiki/Baloncesto_Superior_Nacional
2024,Criollos de Caguas,Osos de Manati,single-source,"Runner-up confirmed from the 2024 season page, not the franchise table.",en.wikipedia.org/wiki/Baloncesto_Superior_Nacional
2025,Vaqueros de Bayamon,Leones de Ponce,single-source,Finals MVP Danilo Gallinari; MVP Emmanuel Mudiay.,en.wikipedia.org/wiki/Baloncesto_Superior_Nacional
2026,Vaqueros de Bayamon,,provisional,"From RealGM, labelled 2025-26. Wikipedia not updated. 18th title; Finals MVP Renaldo Balkman.",basketball.realgm.com
