game_id,season,date,script,team_a_raw,score_a,team_b_raw,score_b,quarters_a,quarters_b,confidence,source_id,source_url,retrieved_at
BS21001,2001,2001-05-16,gamestatwide.asp,SANTURCE,95,BAYAMON,82,24-24-28-16-0-0,18-16-21-30-0-0,single-source,wayback_bsnpr_games,https://web.archive.org/web/20011005142001id_/http://www.bsnpr.com:80/gamestatwide.asp?r=BS21001&grupo=,2026-09-08T15:37:09Z
BS21002,2001,2020-05-16,gamestatwide.asp,CAGUAS,98,COAMO,80,12-21-14-34-0-0,28-15-27-27-0-0,single-source,wayback_bsnpr_games,https://web.archive.org/web/20011111213643id_/http://www.bsnpr.com:80/gamestatwide.asp?r=BS21002,2026-09-08T15:38:44Z
BS21003,2001,2001-05-17,gamestatwide.asp,ISABELA,84,AIBONITO,87,21-12-13-38-0-0,17-28-20-22-0-0,single-source,wayback_bsnpr_games,https://web.archive.org/web/20011111213858id_/http://www.bsnpr.com:80/gamestatwide.asp?r=BS21003,2026-09-08T15:38:46Z
BS21005,2001,2001-05-17,gamestatwide.asp,SAN GERMAN,91,GUAYAMA,86,22-21-36-12-0-0,26-29-11-20-0-0,single-source,wayback_bsnpr_games,https://web.archive.org/web/20011224150148id_/http://www.bsnpr.com:80/gamestatwide.asp?r=BS21005&grupo=,2026-09-08T15:41:14Z
BS21006,2001,2001-05-18,gamestatwide.asp,GUAYAMA,68,BAYAMON,75,14-25-17-12-0-0,18-15-22-20-0-0,single-source,wayback_bsnpr_games,https://web.archive.org/web/20011125215016id_/http://www.bsnpr.com:80/gamestatwide.asp?r=BS21006&grupo=,2026-09-08T15:39:13Z
BS21007,2001,2001-05-18,gamestatwide.asp,COAMO,75,PONCE,94,21-17-16-21-0-0,22-24-17-31-0-0,single-source,wayback_bsnpr_games,https://web.archive.org/web/20011111220100id_/http://www.bsnpr.com:80/gamestatwide.asp?r=BS21007,2026-09-08T15:38:54Z
BS21008,2001,2001-05-18,gamestatwide.asp,ARECIBO,94,CAROLINA,77,30-24-23-17-0-0,17-19-25-16-0-0,single-source,wayback_bsnpr_games,https://web.archive.org/web/20011111222028id_/http://www.bsnpr.com:80/gamestatwide.asp?r=BS21008,2026-09-08T15:38:58Z
BS21009,2001,2001-05-18,gamestatwide.asp,QUEBRADILLAS,94,CAGUAS,96,19-21-17-21-16-0,21-13-18-26-18-0,single-source,wayback_bsnpr_games,https://web.archive.org/web/20011226135044id_/http://www.bsnpr.com:80/gamestatwide.asp?r=BS21009,2026-09-08T15:41:44Z
BS21010,2001,2001-05-19,gamestatwide.asp,MOROVIS,96,MAYAGUEZ,115,22-28-25-21-0-0,29-19-32-35-0-0,single-source,wayback_bsnpr_games,https://web.archive.org/web/20011111211650id_/http://www.bsnpr.com:80/gamestatwide.asp?r=BS21010,2026-09-08T15:38:37Z
BS21011,2001,2001-05-19,gamestatwide.asp,PONCE,76,SAN GERMAN,95,23-22-19-12-0-0,20-25-23-27-0-0,single-source,wayback_bsnpr_games,https://web.archive.org/web/20011218001103id_/http://www.bsnpr.com:80/gamestatwide.asp?r=BS21011&GRUPO=PO99&SERIE=4,2026-09-08T15:40:07Z
BS21011,2001,2001-05-19,gamestatwide.asp,PONCE,76,SAN GERMAN,95,23-22-19-12-0-0,20-25-23-27-0-0,single-source,wayback_bsnpr_games,https://web.archive.org/web/20011224143551id_/http://www.bsnpr.com:80/gamestatwide.asp?r=BS21011&grupo=,2026-09-08T15:40:55Z
BS21012,2001,2001-03-24,gamestatwide.asp,AIBONITO,109,ARECIBO,99,23-35-20-31-0-0,17-23-26-33-0-0,single-source,wayback_bsnpr_games,https://web.archive.org/web/20011111212851id_/http://www.bsnpr.com:80/gamestatwide.asp?r=BS21012,2026-09-08T15:38:39Z
BS21013,2001,2001-05-19,gamestatwide.asp,ISABELA,70,SANTURCE,102,23-18-13-16-0-0,23-21-24-34-0-0,single-source,wayback_bsnpr_games,https://web.archive.org/web/20011111213347id_/http://www.bsnpr.com:80/gamestatwide.asp?r=BS21013,2026-09-08T15:38:40Z
BS21014,2001,2001-05-20,gamestatwide.asp,MAYAGUEZ,92,COAMO,90,24-29-18-21-0-0,27-21-24-18-0-0,single-source,wayback_bsnpr_games,https://web.archive.org/web/20011226142227id_/http://www.bsnpr.com:80/gamestatwide.asp?r=BS21014,2026-09-08T15:41:46Z
BS21015,2001,2001-05-20,gamestatwide.asp,CAGUAS,91,ISABELA,90,21-31-16-23-0-0,18-24-23-25-0-0,single-source,wayback_bsnpr_games,https://web.archive.org/web/20011111214704id_/http://www.bsnpr.com:80/gamestatwide.asp?r=BS21015,2026-09-08T15:38:48Z
BS21016,2001,2001-03-25,gamestatwide.asp,SAN GERMAN,123,QUEBRADILLAS,99,21-26-39-37-0-0,35-12-32-20-0-0,single-source,wayback_bsnpr_games,https://web.archive.org/web/20011111215632id_/http://www.bsnpr.com:80/gamestatwide.asp?r=BS21016,2026-09-08T15:38:52Z
BS21017,2001,2001-05-21,gamestatwide.asp,ARECIBO,118,MOROVIS,100,23-37-23-35-0-0,31-27-21-31-0-0,single-source,wayback_bsnpr_games,https://web.archive.org/web/20011226143620id_/http://www.bsnpr.com:80/gamestatwide.asp?r=BS21017,2026-09-08T15:41:48Z
BS21018,2001,2001-05-21,gamestatwide.asp,AIBONITO,69,PONCE,78,19-12-16-22-0-0,19-14-23-22-0-0,single-source,wayback_bsnpr_games,https://web.archive.org/web/20020423093620id_/http://www.bsnpr.com:80/gamestatwide.asp?r=BS21018&grupo=,2026-09-08T15:42:17Z
BS21019,2001,2001-05-21,gamestatwide.asp,COAMO,87,BAYAMON,97,20-27-18-22-0-0,19-21-32-25-0-0,single-source,wayback_bsnpr_games,https://web.archive.org/web/20011125215624id_/http://www.bsnpr.com:80/gamestatwide.asp?r=BS21019&grupo=,2026-09-08T15:39:16Z
BS21020,2001,2001-05-21,gamestatwide.asp,SANTURCE,101,GUAYAMA,77,22-23-22-34-0-0,21-21-23-12-0-0,single-source,wayback_bsnpr_games,https://web.archive.org/web/20011005085740id_/http://www.bsnpr.com:80/gamestatwide.asp?r=BS21020&grupo=,2026-09-08T15:36:52Z
BS21022,2001,2001-05-22,gamestatwide.asp,CAGUAS,109,ARECIBO,101,25-20-32-32-0-0,20-20-28-33-0-0,single-source,wayback_bsnpr_games,https://web.archive.org/web/20011111213541id_/http://www.bsnpr.com:80/gamestatwide.asp?r=BS21022,2026-09-08T15:38:43Z
BS21023,2001,2001-05-22,gamestatwide.asp,CAROLINA,90,SAN GERMAN,114,27-18-25-20-0-0,28-25-33-28-0-0,single-source,wayback_bsnpr_games,https://web.archive.org/web/20011224144317id_/http://www.bsnpr.com:80/gamestatwide.asp?r=BS21023&grupo=,2026-09-08T15:40:59Z
BS21024,2001,2001-05-23,gamestatwide.asp,GUAYAMA,84,PONCE,83,24-22-15-23-0-0,17-24-19-23-0-0,single-source,wayback_bsnpr_games,https://web.archive.org/web/20020423093257id_/http://www.bsnpr.com:80/gamestatwide.asp?r=BS21024&grupo=,2026-09-08T15:42:15Z
BS21025,2001,2001-05-23,gamestatwide.asp,SANTURCE,113,CAGUAS,94,34-20-31-28-0-0,21-26-16-31-0-0,single-source,wayback_bsnpr_games,https://web.archive.org/web/20011005085046id_/http://www.bsnpr.com:80/gamestatwide.asp?r=BS21025&grupo=,2026-09-08T15:36:50Z
BS21026,2001,2001-05-23,gamestatwide.asp,MAYAGUEZ,68,BAYAMON,72,21-14-15-18-0-0,25-18-17-12-0-0,single-source,wayback_bsnpr_games,https://web.archive.org/web/20011226014037id_/http://www.bsnpr.com:80/gamestatwide.asp?r=BS21026,2026-09-08T15:41:40Z
BS21027,2001,2001-03-28,gamestatwide.asp,SAN GERMAN,109,AIBONITO,85,26-31-20-32-0-0,24-20-19-22-0-0,single-source,wayback_bsnpr_games,https://web.archive.org/web/20011218001850id_/http://www.bsnpr.com:80/gamestatwide.asp?r=BS21027&GRUPO=PO99&SERIE=4,2026-09-08T15:40:09Z
BS21027,2001,2001-03-28,gamestatwide.asp,SAN GERMAN,109,AIBONITO,85,26-31-20-32-0-0,24-20-19-22-0-0,single-source,wayback_bsnpr_games,https://web.archive.org/web/20011224143831id_/http://www.bsnpr.com:80/gamestatwide.asp?r=BS21027&grupo=,2026-09-08T15:40:57Z
BS21028,2001,2001-05-23,gamestatwide.asp,COAMO,86,QUEBRADILLAS,81,17-21-30-18-0-0,19-24-19-19-0-0,single-source,wayback_bsnpr_games,https://web.archive.org/web/20011111221259id_/http://www.bsnpr.com:80/gamestatwide.asp?r=BS21028,2026-09-08T15:38:56Z
BS21030,2001,2001-05-24,gamestatwide.asp,ARECIBO,103,ISABELA,86,28-27-24-24-0-0,19-25-16-26-0-0,single-source,wayback_bsnpr_games,https://web.archive.org/web/20011111211052id_/http://www.bsnpr.com:80/gamestatwide.asp?r=BS21030,2026-09-08T15:38:34Z
BS21032,2001,2001-05-25,gamestatwide.asp,CAROLINA,77,BAYAMON,92,20-19-24-16-0-0,25-24-19-24-0-0,single-source,wayback_bsnpr_games,https://web.archive.org/web/20011125221949id_/http://www.bsnpr.com:80/gamestatwide.asp?r=BS21032&grupo=,2026-09-08T15:39:25Z
BS21034,2001,2001-05-26,gamestatwide.asp,SAN GERMAN,87,SANTURCE,98,19-28-17-23-0-0,30-18-29-21-0-0,single-source,wayback_bsnpr_games,https://web.archive.org/web/20011111215250id_/http://www.bsnpr.com:80/gamestatwide.asp?r=BS21034,2026-09-08T15:38:50Z
BS21035,2001,2001-05-26,gamestatwide.asp,CAGUAS,99,PONCE,92,22-19-22-22-14-0,18-22-22-23-7-0,single-source,wayback_bsnpr_games,https://web.archive.org/web/20011120224953id_/http://www.bsnpr.com:80/gamestatwide.asp?r=BS21035,2026-09-08T15:39:02Z
BS21036,2001,2001-05-26,gamestatwide.asp,COAMO,87,GUAYAMA,85,26-22-18-21-0-0,26-15-19-25-0-0,single-source,wayback_bsnpr_games,https://web.archive.org/web/20011226014704id_/http://www.bsnpr.com:80/gamestatwide.asp?r=BS21036,2026-09-08T15:41:42Z
BS21037,2001,2001-05-26,gamestatwide.asp,ARECIBO,92,BAYAMON,104,17-24-30-21-0-0,29-29-27-19-0-0,single-source,wayback_bsnpr_games,https://web.archive.org/web/20010726162422id_/http://www.bsnpr.com:80/gamestatwide.asp?r=BS21037&grupo=,2026-09-08T15:35:47Z
BS21038,2001,2001-05-27,gamestatwide.asp,ISABELA,83,CAROLINA,78,19-29-15-20-0-0,25-11-23-19-0-0,single-source,wayback_bsnpr_games,https://web.archive.org/web/20011226004435id_/http://www.bsnpr.com:80/gamestatwide.asp?r=BS21038,2026-09-08T15:41:38Z
BS21039,2001,2001-05-27,gamestatwide.asp,SANTURCE,95,MOROVIS,83,20-22-26-27-0-0,21-24-18-20-0-0,single-source,wayback_bsnpr_games,https://web.archive.org/web/20011005092005id_/http://www.bsnpr.com:80/gamestatwide.asp?r=BS21039&grupo=,2026-09-08T15:36:54Z
BS21040,2001,2001-05-29,gamestatwide.asp,MOROVIS,98,BAYAMON,106,13-24-21-40-0-0,25-32-30-19-0-0,single-source,wayback_bsnpr_games,https://web.archive.org/web/20010726162357id_/http://www.bsnpr.com:80/gamestatwide.asp?r=BS21040&grupo=,2026-09-08T15:35:45Z
BS21041,2001,2001-05-28,gamestatwide.asp,CAGUAS,101,CAROLINA,87,25-29-19-28-0-0,22-14-21-30-0-0,single-source,wayback_bsnpr_games,https://web.archive.org/web/20011120231733id_/http://www.bsnpr.com:80/gamestatwide.asp?r=BS21041,2026-09-08T15:39:04Z
BS21042,2001,2001-05-28,gamestatwide.asp,PONCE,88,ISABELA,75,31-10-22-25-0-0,24-19-9-23-0-0,single-source,wayback_bsnpr_games,https://web.archive.org/web/20020423093844id_/http://www.bsnpr.com:80/gamestatwide.asp?r=BS21042&grupo=,2026-09-08T15:42:19Z
BS21043,2001,2001-05-28,gamestatwide.asp,SAN GERMAN,97,MAYAGUEZ,96,30-17-31-19-0-0,18-29-24-25-0-0,single-source,wayback_bsnpr_games,https://web.archive.org/web/20011223153051id_/http://www.bsnpr.com:80/gamestatwide.asp?r=BS21043&GRUPO=PO99&SERIE=4,2026-09-08T15:40:30Z
BS21043,2001,2001-05-28,gamestatwide.asp,SAN GERMAN,97,MAYAGUEZ,96,30-17-31-19-0-0,18-29-24-25-0-0,single-source,wayback_bsnpr_games,https://web.archive.org/web/20011224145023id_/http://www.bsnpr.com:80/gamestatwide.asp?r=BS21043&grupo=,2026-09-08T15:41:10Z
BS21044,2001,2001-05-28,gamestatwide.asp,GUAYAMA,79,AIBONITO,85,15-22-23-19-0-0,24-15-28-18-0-0,single-source,wayback_bsnpr_games,https://web.archive.org/web/20011226224930id_/http://www.bsnpr.com:80/gamestatwide.asp?r=BS21044,2026-09-08T15:41:54Z
BS21045,2001,2001-05-29,gamestatwide.asp,SANTURCE,96,PONCE,84,27-22-23-24-0-0,25-22-12-25-0-0,single-source,wayback_bsnpr_games,https://web.archive.org/web/20020423094208id_/http://www.bsnpr.com:80/gamestatwide.asp?r=BS21045&grupo=,2026-09-08T15:42:24Z
BS21046,2001,2001-05-29,gamestatwide.asp,AIBONITO,92,CAGUAS,67,30-16-22-24-0-0,11-20-15-21-0-0,single-source,wayback_bsnpr_games,https://web.archive.org/web/20011120224804id_/http://www.bsnpr.com:80/gamestatwide.asp?r=BS21046,2026-09-08T15:39:00Z
BS21047,2001,2001-05-31,gamestatwide.asp,CAROLINA,84,MAYAGUEZ,94,25-23-23-13-0-0,18-30-23-22-0-0,single-source,wayback_bsnpr_games,https://web.archive.org/web/20011226230043id_/http://www.bsnpr.com:80/gamestatwide.asp?r=BS21047,2026-09-08T15:41:55Z
BS21048,2001,2001-05-30,gamestatwide.asp,ARECIBO,76,SAN GERMAN,83,27-23-16-10-0-0,17-20-24-22-0-0,single-source,wayback_bsnpr_games,https://web.archive.org/web/20011223155113id_/http://www.bsnpr.com:80/gamestatwide.asp?r=BS21048&GRUPO=PO99&SERIE=4,2026-09-08T15:40:34Z
BS21048,2001,2001-05-30,gamestatwide.asp,ARECIBO,76,SAN GERMAN,83,27-23-16-10-0-0,17-20-24-22-0-0,single-source,wayback_bsnpr_games,https://web.archive.org/web/20011224144744id_/http://www.bsnpr.com:80/gamestatwide.asp?r=BS21048&grupo=,2026-09-08T15:41:06Z
BS21049,2001,2001-05-30,gamestatwide.asp,ISABELA,85,GUAYAMA,83,23-21-20-21-0-0,28-18-18-19-0-0,single-source,wayback_bsnpr_games,https://web.archive.org/web/20011226221131id_/http://www.bsnpr.com:80/gamestatwide.asp?r=BS21049,2026-09-08T15:41:50Z
BS21051,2001,2001-05-31,gamestatwide.asp,BAYAMON,115,ISABELA,91,30-28-31-26-0-0,23-15-26-27-0-0,single-source,wayback_bsnpr_games,https://web.archive.org/web/20010726162927id_/http://www.bsnpr.com:80/gamestatwide.asp?r=BS21051&grupo=,2026-09-08T15:35:49Z
BS21052,2001,2001-05-31,gamestatwide.asp,SAN GERMAN,105,COAMO,101,20-25-31-29-0-0,27-28-19-27-0-0,single-source,wayback_bsnpr_games,https://web.archive.org/web/20011224145000id_/http://www.bsnpr.com:80/gamestatwide.asp?r=BS21052&grupo=,2026-09-08T15:41:08Z
BS21053,2001,2001-05-31,gamestatwide.asp,CAGUAS,107,MOROVIS,88,21-27-26-33-0-0,18-23-14-33-0-0,single-source,wayback_bsnpr_games,https://web.archive.org/web/20011226224109id_/http://www.bsnpr.com:80/gamestatwide.asp?r=BS21053,2026-09-08T15:41:52Z
BS21055,2001,2001-06-01,gamestatwide.asp,MAYAGUEZ,76,SANTURCE,95,21-13-25-17-0-0,24-31-22-18-0-0,single-source,wayback_bsnpr_games,https://web.archive.org/web/20011005093119id_/http://www.bsnpr.com:80/gamestatwide.asp?r=BS21055&grupo=,2026-09-08T15:36:59Z
BS21057,2001,2001-06-02,gamestatwide.asp,BAYAMON,99,PONCE,81,20-28-29-22-0-0,21-18-39-29-0-0,single-source,wayback_bsnpr_games,https://web.archive.org/web/20010622192428id_/http://www.bsnpr.com:80/gamestatwide.asp?r=BS21057&GRUPO=PO99&SERIE=4,2026-09-08T15:35:35Z
BS21057,2001,2001-06-02,gamestatwide.asp,BAYAMON,99,PONCE,81,20-28-29-22-0-0,21-18-39-29-0-0,single-source,wayback_bsnpr_games,https://web.archive.org/web/20010726155853id_/http://www.bsnpr.com:80/gamestatwide.asp?r=BS21057&grupo=,2026-09-08T15:35:41Z
BS21059,2001,2001-06-02,gamestatwide.asp,AIBONITO,115,MAYAGUEZ,94,34-24-36-21-0-0,21-21-19-33-0-0,single-source,wayback_bsnpr_games,https://web.archive.org/web/20010702194031id_/http://www.bsnpr.com:80/gamestatwide.asp?r=BS21059&GRUPO=PO99&SERIE=4,2026-09-08T15:35:37Z
BS21060,2001,2001-06-03,gamestatwide.asp,QUEBRADILLAS,91,BAYAMON,85,15-22-28-26-0-0,18-17-20-30-0-0,single-source,wayback_bsnpr_games,https://web.archive.org/web/20010726160414id_/http://www.bsnpr.com:80/gamestatwide.asp?r=BS21060&grupo=,2026-09-08T15:35:44Z
BS21061,2001,2001-06-03,gamestatwide.asp,MOROVIS,73,SAN GERMAN,81,19-14-25-13-0-0,12-26-20-23-0-0,single-source,wayback_bsnpr_games,https://web.archive.org/web/20011224150001id_/http://www.bsnpr.com:80/gamestatwide.asp?r=BS21061&grupo=,2026-09-08T15:41:12Z
BS21062,2001,2001-06-04,gamestatwide.asp,ARECIBO,93,SANTURCE,90,21-29-15-28-0-0,33-16-20-21-0-0,single-source,wayback_bsnpr_games,https://web.archive.org/web/20011005092920id_/http://www.bsnpr.com:80/gamestatwide.asp?r=BS21062&grupo=,2026-09-08T15:36:57Z
BS21065,2001,2001-06-04,gamestatwide.asp,SANTURCE,90,COAMO,86,19-25-26-20-0-0,28-21-26-11-0-0,single-source,wayback_bsnpr_games,https://web.archive.org/web/20011005095115id_/http://www.bsnpr.com:80/gamestatwide.asp?r=BS21065&grupo=,2026-09-08T15:37:01Z
BS21068,2001,2001-06-05,gamestatwide.asp,CAROLINA,81,PONCE,97,12-21-14-34-0-0,28-15-27-27-0-0,single-source,wayback_bsnpr_games,https://web.archive.org/web/20020423094043id_/http://www.bsnpr.com:80/gamestatwide.asp?r=BS21068&grupo=,2026-09-08T15:42:21Z
BS21072,2001,2001-06-06,gamestatwide.asp,BAYAMON,105,SAN GERMAN,106,16-26-33-30-0-0,28-30-23-25-0-0,single-source,wayback_bsnpr_games,https://web.archive.org/web/20011126003749id_/http://www.bsnpr.com:80/gamestatwide.asp?r=BS21072&grupo=,2026-09-08T15:39:32Z
BS21072,2001,2001-06-06,gamestatwide.asp,BAYAMON,105,SAN GERMAN,106,16-26-33-30-0-0,28-30-23-25-0-0,single-source,wayback_bsnpr_games,https://web.archive.org/web/20011223160824id_/http://www.bsnpr.com:80/gamestatwide.asp?r=BS21072&GRUPO=PO99&SERIE=4,2026-09-08T15:40:36Z
BS21076,2001,2001-06-07,gamestatwide.asp,ISABELA,68,SAN GERMAN,100,17-12-15-24-0-0,21-29-22-28-0-0,single-source,wayback_bsnpr_games,https://web.archive.org/web/20011223162049id_/http://www.bsnpr.com:80/gamestatwide.asp?r=BS21076&GRUPO=PO99&SERIE=4,2026-09-08T15:40:41Z
BS21076,2001,2001-06-07,gamestatwide.asp,ISABELA,68,SAN GERMAN,100,17-12-15-24-0-0,21-29-22-28-0-0,single-source,wayback_bsnpr_games,https://web.archive.org/web/20011224142830id_/http://www.bsnpr.com:80/gamestatwide.asp?r=BS21076&grupo=,2026-09-08T15:40:46Z
BS21080,2001,2001-06-08,gamestatwide.asp,MOROVIS,82,PONCE,93,24-14-25-19-0-0,26-24-18-25-0-0,single-source,wayback_bsnpr_games,https://web.archive.org/web/20020423094548id_/http://www.bsnpr.com:80/gamestatwide.asp?r=BS21080&grupo=,2026-09-08T15:42:26Z
BS21081,2001,2001-06-08,gamestatwide.asp,SANTURCE,102,QUEBRADILLAS,91,27-28-20-27-0-0,23-13-25-30-0-0,single-source,wayback_bsnpr_games,https://web.archive.org/web/20011005102254id_/http://www.bsnpr.com:80/gamestatwide.asp?r=BS21081&grupo=,2026-09-08T15:37:05Z
BS21082,2001,2001-06-08,gamestatwide.asp,BAYAMON,80,AIBONITO,91,20-23-21-16-0-0,19-22-19-31-0-0,single-source,wayback_bsnpr_games,https://web.archive.org/web/20011125213226id_/http://www.bsnpr.com:80/gamestatwide.asp?r=BS21082&grupo=,2026-09-08T15:39:07Z
BS21085,2001,2001-06-09,gamestatwide.asp,CAGUAS,82,SAN GERMAN,72,26-27-17-12-0-0,16-30-18-8-0-0,single-source,wayback_bsnpr_games,https://web.archive.org/web/20011224142921id_/http://www.bsnpr.com:80/gamestatwide.asp?r=BS21085&grupo=,2026-09-08T15:40:48Z
BS21086,2001,2001-06-10,gamestatwide.asp,SANTURCE,91,AIBONITO,80,19-25-23-24-0-0,20-21-32-7-0-0,single-source,wayback_bsnpr_games,https://web.archive.org/web/20011005095306id_/http://www.bsnpr.com:80/gamestatwide.asp?r=BS21086&grupo=,2026-09-08T15:37:03Z
BS21087,2001,2001-06-10,gamestatwide.asp,BAYAMON,86,CAGUAS,83,22-23-20-21-0-0,36-20-14-13-0-0,single-source,wayback_bsnpr_games,https://web.archive.org/web/20011125213848id_/http://www.bsnpr.com:80/gamestatwide.asp?r=BS21087&grupo=,2026-09-08T15:39:09Z
BS21091,2001,2001-06-11,gamestatwide.asp,GUAYAMA,92,SAN GERMAN,102,25-27-25-15-0-0,23-26-24-29-0-0,single-source,wayback_bsnpr_games,https://web.archive.org/web/20011224143334id_/http://www.bsnpr.com:80/gamestatwide.asp?r=BS21091&grupo=,2026-09-08T15:40:53Z
BS21093,2001,2001-06-12,gamestatwide.asp,BAYAMON,104,SANTURCE,89,23-28-18-35-0-0,23-16-29-21-0-0,single-source,wayback_bsnpr_games,https://web.archive.org/web/20011005123351id_/http://www.bsnpr.com:80/gamestatwide.asp?r=BS21093&grupo=,2026-09-08T15:37:07Z
BS21095,2001,2001-06-12,gamestatwide.asp,SAN GERMAN,81,PONCE,77,17-13-23-28-0-0,23-10-20-24-0-0,single-source,wayback_bsnpr_games,https://web.archive.org/web/20011223163438id_/http://www.bsnpr.com:80/gamestatwide.asp?r=BS21095&GRUPO=PO99&SERIE=4,2026-09-08T15:40:44Z
BS21095,2001,2001-06-12,gamestatwide.asp,SAN GERMAN,81,PONCE,77,17-13-23-28-0-0,23-10-20-24-0-0,single-source,wayback_bsnpr_games,https://web.archive.org/web/20011224144642id_/http://www.bsnpr.com:80/gamestatwide.asp?r=BS21095&grupo=,2026-09-08T15:41:02Z
BS21100,2001,2001-06-14,gamestatwide.asp,SAN GERMAN,114,BAYAMON,118,27-20-29-25-13-0,20-25-26-30-17-0,single-source,wayback_bsnpr_games,https://web.archive.org/web/20011125214139id_/http://www.bsnpr.com:80/gamestatwide.asp?r=BS21100&grupo=,2026-09-08T15:39:11Z
BS21100,2001,2001-06-14,gamestatwide.asp,SAN GERMAN,114,BAYAMON,118,27-20-29-25-13-0,20-25-26-30-17-0,single-source,wayback_bsnpr_games,https://web.archive.org/web/20020420111555id_/http://www.bsnpr.com:80/gamestatwide.asp?r=BS21100&GRUPO=PO99&SERIE=4,2026-09-08T15:42:11Z
BS21103,2001,2001-06-15,gamestatwide.asp,GUAYAMA,67,SANTURCE,77,17-8-21-21-0-0,19-17-20-21-0-0,single-source,wayback_bsnpr_games,https://web.archive.org/web/20011101183604id_/http://www.bsnpr.com:80/gamestatwide.asp?r=BS21103&grupo=,2026-09-08T15:38:20Z
BS21105,2001,2001-06-16,gamestatwide.asp,BAYAMON,102,QUEBRADILLAS,90,29-26-32-25-0-0,21-38-21-10-0-0,single-source,wayback_bsnpr_games,https://web.archive.org/web/20011125220055id_/http://www.bsnpr.com:80/gamestatwide.asp?r=BS21105&grupo=,2026-09-08T15:39:17Z
BS21108,2001,2001-07-06,gamestatwide.asp,SANTURCE,106,ISABELA,76,29-33-27-17-0-0,12-26-18-24-0-0,single-source,wayback_bsnpr_games,https://web.archive.org/web/20011101184531id_/http://www.bsnpr.com:80/gamestatwide.asp?r=BS21108&grupo=,2026-09-08T15:38:28Z
BS21109,2001,2001-06-17,gamestatwide.asp,QUEBRADILLAS,101,SAN GERMAN,99,26-29-20-26-0-0,29-27-14-29-0-0,single-source,wayback_bsnpr_games,https://web.archive.org/web/20011224144727id_/http://www.bsnpr.com:80/gamestatwide.asp?r=BS21109&grupo=,2026-09-08T15:41:04Z
BS21111,2001,2001-06-18,gamestatwide.asp,PONCE,90,BAYAMON,79,16-22-24-28-0-0,17-19-19-24-0-0,single-source,wayback_bsnpr_games,https://web.archive.org/web/20011125220603id_/http://www.bsnpr.com:80/gamestatwide.asp?r=BS21111&grupo=,2026-09-08T15:39:22Z
BS21113,2001,2001-06-18,gamestatwide.asp,SAN GERMAN,126,CAROLINA,110,29-30-28-39-0-0,29-26-27-34-0-0,single-source,wayback_bsnpr_games,https://web.archive.org/web/20011223134006id_/http://www.bsnpr.com:80/gamestatwide.asp?r=BS21113&grupo=,2026-09-08T15:40:11Z
BS21115,2001,2001-06-18,gamestatwide.asp,SANTURCE,93,MAYAGUEZ,87,25-27-21-20-0-0,18-21-27-21-0-0,single-source,wayback_bsnpr_games,https://web.archive.org/web/20011101184707id_/http://www.bsnpr.com:80/gamestatwide.asp?r=BS21115&grupo=,2026-09-08T15:38:31Z
BS21116,2001,2001-06-19,gamestatwide.asp,BAYAMON,97,GUAYAMA,52,23-23-20-31-0-0,11-13-11-17-0-0,single-source,wayback_bsnpr_games,https://web.archive.org/web/20020215234139id_/http://www.bsnpr.com:80/gamestatwide.asp?r=BS21116&grupo=,2026-09-08T15:41:59Z
BS21121,2001,2001-06-20,gamestatwide.asp,SANTURCE,96,SAN GERMAN,90,28-19-22-27-0-0,28-20-23-19-0-0,single-source,wayback_bsnpr_games,https://web.archive.org/web/20011224204130id_/http://www.bsnpr.com:80/gamestatwide.asp?r=BS21121&grupo=,2026-09-08T15:41:24Z
BS21125,2001,2001-06-21,gamestatwide.asp,MOROVIS,96,SANTURCE,101,26-16-23-31-0-0,28-29-24-20-0-0,single-source,wayback_bsnpr_games,https://web.archive.org/web/20011101174916id_/http://www.bsnpr.com:80/gamestatwide.asp?r=BS21125&grupo=,2026-09-08T15:37:34Z
BS21127,2001,2001-06-22,gamestatwide.asp,ISABELA,81,BAYAMON,89,16-23-27-15-0-0,26-20-18-25-0-0,single-source,wayback_bsnpr_games,https://web.archive.org/web/20020215233912id_/http://www.bsnpr.com:80/gamestatwide.asp?r=BS21127&grupo=,2026-09-08T15:41:57Z
BS21128,2001,2001-06-22,gamestatwide.asp,AIBONITO,96,SAN GERMAN,75,20-28-18-30-0-0,21-17-19-18-0-0,single-source,wayback_bsnpr_games,https://web.archive.org/web/20011223134834id_/http://www.bsnpr.com:80/gamestatwide.asp?r=BS21128&GRUPO=PO99&SERIE=4,2026-09-08T15:40:13Z
BS21128,2001,2001-06-22,gamestatwide.asp,AIBONITO,96,SAN GERMAN,75,20-28-18-30-0-0,21-17-19-18-0-0,single-source,wayback_bsnpr_games,https://web.archive.org/web/20011224204721id_/http://www.bsnpr.com:80/gamestatwide.asp?r=BS21128&grupo=,2026-09-08T15:41:26Z
BS21132,2001,2001-06-23,gamestatwide.asp,PONCE,91,GUAYAMA,78,20-15-23-33-0-0,15-21-14-28-0-0,single-source,wayback_bsnpr_games,https://web.archive.org/web/20020423092128id_/http://www.bsnpr.com:80/gamestatwide.asp?r=BS21132&grupo=,2026-09-08T15:42:13Z
BS21134,2001,2001-06-24,gamestatwide.asp,BAYAMON,88,COAMO,94,26-17-12-27-6-0,22-22-20-18-12-0,single-source,wayback_bsnpr_games,https://web.archive.org/web/20011126000503id_/http://www.bsnpr.com:80/gamestatwide.asp?r=BS21134&grupo=,2026-09-08T15:39:27Z
BS21135,2001,2001-06-24,gamestatwide.asp,CAGUAS,102,SANTURCE,88,22-27-26-27-0-0,23-23-24-18-0-0,single-source,wayback_bsnpr_games,https://web.archive.org/web/20011101180510id_/http://www.bsnpr.com:80/gamestatwide.asp?r=BS21135&grupo=,2026-09-08T15:37:46Z
BS21137,2001,2001-06-24,gamestatwide.asp,MAYAGUEZ,121,SAN GERMAN,119,19-24-26-36-16-0,30-20-29-26-14-0,single-source,wayback_bsnpr_games,https://web.archive.org/web/20011223135524id_/http://www.bsnpr.com:80/gamestatwide.asp?r=BS21137&GRUPO=PO99&SERIE=4,2026-09-08T15:40:16Z
BS21137,2001,2001-06-24,gamestatwide.asp,MAYAGUEZ,121,SAN GERMAN,119,19-24-26-36-16-0,30-20-29-26-14-0,single-source,wayback_bsnpr_games,https://web.archive.org/web/20011224204813id_/http://www.bsnpr.com:80/gamestatwide.asp?r=BS21137&grupo=,2026-09-08T15:41:29Z
BS21139,2001,2001-06-25,gamestatwide.asp,SAN GERMAN,127,ISABELA,88,20-31-31-45-0-0,26-13-27-22-0-0,single-source,wayback_bsnpr_games,https://web.archive.org/web/20011223140833id_/http://www.bsnpr.com:80/gamestatwide.asp?r=BS21139&GRUPO=PO99&SERIE=4,2026-09-08T15:40:18Z
BS21142,2001,2001-06-26,gamestatwide.asp,BAYAMON,95,MAYAGUEZ,80,28-23-22-22-0-0,17-20-20-23-0-0,single-source,wayback_bsnpr_games,https://web.archive.org/web/20011126001118id_/http://www.bsnpr.com:80/gamestatwide.asp?r=BS21142&grupo=,2026-09-08T15:39:28Z
BS21145,2001,2001-06-27,gamestatwide.asp,AIBONITO,84,BAYAMON,86,15-19-24-26-0-0,27-22-18-19-0-0,single-source,wayback_bsnpr_games,https://web.archive.org/web/20011126002101id_/http://www.bsnpr.com:80/gamestatwide.asp?r=BS21145&grupo=,2026-09-08T15:39:30Z
BS21148,2001,2001-06-27,gamestatwide.asp,SAN GERMAN,114,ARECIBO,97,22-21-29-42-0-0,23-21-16-37-0-0,single-source,wayback_bsnpr_games,https://web.archive.org/web/20011223142231id_/http://www.bsnpr.com:80/gamestatwide.asp?r=BS21148&GRUPO=PO99&SERIE=4,2026-09-08T15:40:21Z
BS21148,2001,2001-06-27,gamestatwide.asp,SAN GERMAN,114,ARECIBO,97,22-21-29-42-0-0,23-21-16-37-0-0,single-source,wayback_bsnpr_games,https://web.archive.org/web/20011224210305id_/http://www.bsnpr.com:80/gamestatwide.asp?r=BS21148&grupo=,2026-09-08T15:41:32Z
BS21151,2001,2001-06-28,gamestatwide.asp,COAMO,107,SAN GERMAN,93,29-22-19-37-0-0,18-24-33-18-0-0,single-source,wayback_bsnpr_games,https://web.archive.org/web/20010901052315id_/http://www.bsnpr.com:80/gamestatwide.asp?r=BS21151&GRUPO=PO99&SERIE=4,2026-09-08T15:36:38Z
BS21151,2001,2001-06-28,gamestatwide.asp,COAMO,107,SAN GERMAN,93,29-22-19-37-0-0,18-24-33-18-0-0,single-source,wayback_bsnpr_games,https://web.archive.org/web/20011224210909id_/http://www.bsnpr.com:80/gamestatwide.asp?r=BS21151&grupo=,2026-09-08T15:41:34Z
BS21152,2001,2001-06-28,gamestatwide.asp,PONCE,106,SANTURCE,100,22-21-35-28-0-0,23-31-15-31-0-0,single-source,wayback_bsnpr_games,https://web.archive.org/web/20011101181536id_/http://www.bsnpr.com:80/gamestatwide.asp?r=BS21152&grupo=,2026-09-08T15:37:49Z
BS21153,2001,2001-06-29,gamestatwide.asp,BAYAMON,117,CAROLINA,84,33-29-29-26-0-0,14-13-27-30-0-0,single-source,wayback_bsnpr_games,https://web.archive.org/web/20020220062305id_/http://www.bsnpr.com:80/gamestatwide.asp?r=BS21153&grupo=,2026-09-08T15:42:03Z
BS21155,2001,2001-06-30,gamestatwide.asp,QUEBRADILLAS,90,SANTURCE,106,17-32-22-19-0-0,35-24-24-23-0-0,single-source,wayback_bsnpr_games,https://web.archive.org/web/20011101181850id_/http://www.bsnpr.com:80/gamestatwide.asp?r=BS21155&grupo=,2026-09-08T15:37:58Z
BS21157,2001,2001-06-30,gamestatwide.asp,SAN GERMAN,108,MOROVIS,97,32-25-24-28-0-0,20-25-24-28-0-0,single-source,wayback_bsnpr_games,https://web.archive.org/web/20011223144456id_/http://www.bsnpr.com:80/gamestatwide.asp?r=BS21157&GRUPO=PO99&SERIE=4,2026-09-08T15:40:24Z
BS21157,2001,2001-06-30,gamestatwide.asp,SAN GERMAN,108,MOROVIS,97,32-25-24-28-0-0,20-25-24-28-0-0,single-source,wayback_bsnpr_games,https://web.archive.org/web/20011224211047id_/http://www.bsnpr.com:80/gamestatwide.asp?r=BS21157&grupo=,2026-09-08T15:41:36Z
BS21158,2001,2001-06-30,gamestatwide.asp,PONCE,131,CAROLINA,94,35-31-31-34-0-0,28-20-19-27-0-0,single-source,wayback_bsnpr_games,https://web.archive.org/web/20020424203541id_/http://www.bsnpr.com:80/gamestatwide.asp?r=BS21158&grupo=,2026-09-08T15:42:28Z
BS21160,2001,2001-07-01,gamestatwide.asp,BAYAMON,126,ARECIBO,100,30-33-30-33-0-0,23-22-21-34-0-0,single-source,wayback_bsnpr_games,https://web.archive.org/web/20011201124558id_/http://www.bsnpr.com:80/gamestatwide.asp?r=BS21160&grupo=,2026-09-08T15:39:44Z
BS21165,2001,2001-07-02,gamestatwide.asp,SANTURCE,102,CAROLINA,80,21-24-28-29-0-0,18-20-23-19-0-0,single-source,wayback_bsnpr_games,https://web.archive.org/web/20011101181818id_/http://www.bsnpr.com:80/gamestatwide.asp?r=BS21165&grupo=,2026-09-08T15:37:55Z
BS21167,2001,2001-07-03,gamestatwide.asp,CAGUAS,96,BAYAMON,84,23-31-19-23-0-0,21-19-25-19-0-0,single-source,wayback_bsnpr_games,https://web.archive.org/web/20011201125437id_/http://www.bsnpr.com:80/gamestatwide.asp?r=BS21167&grupo=,2026-09-08T15:39:46Z
BS21169,2001,2001-07-03,gamestatwide.asp,AIBONITO,78,SANTURCE,86,16-24-16-22-0-0,27-19-20-20-0-0,single-source,wayback_bsnpr_games,https://web.archive.org/web/20011101182923id_/http://www.bsnpr.com:80/gamestatwide.asp?grupo=&r=BS21169,2026-09-08T15:38:11Z
BS21171,2001,2001-07-04,gamestatwide.asp,BAYAMON,102,MOROVIS,85,19-28-25-30-0-0,22-11-27-25-0-0,single-source,wayback_bsnpr_games,https://web.archive.org/web/20011201130642id_/http://www.bsnpr.com:80/gamestatwide.asp?r=BS21171&grupo=,2026-09-08T15:39:51Z
BS21173,2001,2001-07-04,gamestatwide.asp,SAN GERMAN,122,CAGUAS,109,34-35-20-33-0-0,38-20-26-25-0-0,single-source,wayback_bsnpr_games,https://web.archive.org/web/20011224201540id_/http://www.bsnpr.com:80/gamestatwide.asp?r=BS21173&grupo=,2026-09-08T15:41:19Z
BS21176,2001,2001-07-05,gamestatwide.asp,COAMO,111,SANTURCE,122,20-25-30-17-11-8,21-29-22-20-11-19,single-source,wayback_bsnpr_games,https://web.archive.org/web/20011101183536id_/http://www.bsnpr.com:80/gamestatwide.asp?r=BS21176&grupo=,2026-09-08T15:38:16Z
BS21184,2001,2001-07-18,gamestatwide.asp,SANTURCE,114,QUEBRADILLAS,78,30-27-27-30-0-0,23-19-15-21-0-0,single-source,wayback_bsnpr_games,https://web.archive.org/web/20011101183731id_/http://www.bsnpr.com:80/gamestatwide.asp?r=BS21184&grupo=,2026-09-08T15:38:22Z
BS21185,2001,2001-07-18,gamestatwide.asp,BAYAMON,90,CAGUAS,69,24-24-12-30-0-0,9-17-28-15-0-0,single-source,wayback_bsnpr_games,https://web.archive.org/web/20011201131532id_/http://www.bsnpr.com:80/gamestatwide.asp?r=BS21185&grupo=,2026-09-08T15:39:53Z
BS21186,2001,2001-07-18,gamestatwide.asp,SAN GERMAN,107,AIBONITO,106,22-25-20-26-14-0,29-22-22-20-13-0,single-source,wayback_bsnpr_games,https://web.archive.org/web/20010901052947id_/http://www.bsnpr.com:80/gamestatwide.asp?r=BS21186&GRUPO=PO99&SERIE=4,2026-09-08T15:36:40Z
BS21188,2001,2001-07-19,gamestatwide.asp,CAGUAS,83,SANTURCE,97,19-18-24-21-0-0,23-16-25-23-0-0,single-source,wayback_bsnpr_games,https://web.archive.org/web/20011101183537id_/http://www.bsnpr.com:80/gamestatwide.asp?r=BS21188&grupo=,2026-09-08T15:38:18Z
BS21189,2001,2001-07-19,gamestatwide.asp,AIBONITO,72,BAYAMON,81,20-7-21-24-0-0,16-16-21-23-0-0,single-source,wayback_bsnpr_games,https://web.archive.org/web/20011201132448id_/http://www.bsnpr.com:80/gamestatwide.asp?r=BS21189&grupo=,2026-09-08T15:39:56Z
BS21190,2001,2001-07-19,gamestatwide.asp,MAYAGUEZ,109,SAN GERMAN,80,29-27-30-23-0-0,19-21-24-16-0-0,single-source,wayback_bsnpr_games,https://web.archive.org/web/20011223150631id_/http://www.bsnpr.com:80/gamestatwide.asp?r=BS21190&GRUPO=PO99&SERIE=4,2026-09-08T15:40:26Z
BS21190,2001,2001-07-19,gamestatwide.asp,MAYAGUEZ,109,SAN GERMAN,80,29-27-30-23-0-0,19-21-24-16-0-0,single-source,wayback_bsnpr_games,https://web.archive.org/web/20011224202442id_/http://www.bsnpr.com:80/gamestatwide.asp?r=BS21190&grupo=,2026-09-08T15:41:21Z
BS21192,2001,2001-07-21,gamestatwide.asp,SANTURCE,92,MAYAGUEZ,84,22-18-25-27-0-0,23-24-22-15-0-0,single-source,wayback_bsnpr_games,https://web.archive.org/web/20011101184719id_/http://www.bsnpr.com:80/gamestatwide.asp?r=BS21192&grupo=,2026-09-08T15:38:32Z
BS21193,2001,2001-07-21,gamestatwide.asp,QUEBRADILLAS,95,BAYAMON,86,29-19-24-23-0-0,17-26-21-22-0-0,single-source,wayback_bsnpr_games,https://web.archive.org/web/20011201133900id_/http://www.bsnpr.com:80/gamestatwide.asp?r=BS21193&grupo=,2026-09-08T15:40:00Z
BS21194,2001,2001-07-21,gamestatwide.asp,CAGUAS,111,SAN GERMAN,124,31-28-19-25-8-0,24-28-27-24-21-0,single-source,wayback_bsnpr_games,https://web.archive.org/web/20011223152022id_/http://www.bsnpr.com:80/gamestatwide.asp?r=BS21194&GRUPO=PO99&SERIE=4,2026-09-08T15:40:28Z
BS21196,2001,2001-07-22,gamestatwide.asp,PONCE,93,SANTURCE,96,27-28-15-23-0-0,27-32-16-21-0-0,single-source,wayback_bsnpr_games,https://web.archive.org/web/20011101174305id_/http://www.bsnpr.com:80/gamestatwide.asp?r=BS21196&grupo=,2026-09-08T15:37:32Z
BS21197,2001,2001-07-22,gamestatwide.asp,SAN GERMAN,112,BAYAMON,105,18-38-24-32-0-0,36-23-27-19-0-0,single-source,wayback_bsnpr_games,https://web.archive.org/web/20011223153255id_/http://www.bsnpr.com:80/gamestatwide.asp?r=BS21197&grupo=,2026-09-08T15:40:32Z
BS21200,2001,2001-07-24,gamestatwide.asp,SANTURCE,122,SAN GERMAN,86,37-21-22-42-0-0,25-17-24-20-0-0,single-source,wayback_bsnpr_games,https://web.archive.org/web/20010901043406id_/http://www.bsnpr.com:80/gamestatwide.asp?r=BS21200&GRUPO=PO99&SERIE=4,2026-09-08T15:36:32Z
BS21200,2001,2001-07-24,gamestatwide.asp,SANTURCE,122,SAN GERMAN,86,37-21-22-42-0-0,25-17-24-20-0-0,single-source,wayback_bsnpr_games,https://web.archive.org/web/20010917105006id_/http://www.bsnpr.com:80/gamestatwide.asp?r=BS21200&grupo=,2026-09-08T15:36:42Z
BS21201,2001,2020-07-24,gamestatwide.asp,PONCE,73,BAYAMON,81,26-27-31-41-0-0,29-19-17-24-0-0,single-source,wayback_bsnpr_games,https://web.archive.org/web/20020220060202id_/http://www.bsnpr.com:80/gamestatwide.asp?r=BS21201&grupo=,2026-09-08T15:42:01Z
BS21204,2001,2001-07-25,gamestatwide.asp,BAYAMON,74,SANTURCE,75,25-19-20-20-0-0,20-18-17-20-0-0,single-source,wayback_bsnpr_games,https://web.archive.org/web/20011101175700id_/http://www.bsnpr.com:80/gamestatwide.asp?r=BS21204&grupo=,2026-09-08T15:37:36Z
BS21205,2001,2001-07-25,gamestatwide.asp,SAN GERMAN,124,PONCE,102,30-27-33-334-0-0,29-27-18-28-0-0,single-source,wayback_bsnpr_games,https://web.archive.org/web/20011224205521id_/http://www.bsnpr.com:80/gamestatwide.asp?r=BS21205&grupo=,2026-09-08T15:41:30Z
BS21205,2001,2001-07-25,gamestatwide.asp,SAN GERMAN,124,PONCE,102,30-27-33-334-0-0,29-27-18-28-0-0,single-source,wayback_bsnpr_games,https://web.archive.org/web/20020417020902id_/http://www.bsnpr.com:80/gamestatwide.asp?r=BS21205&GRUPO=PO99&SERIE=4,2026-09-08T15:42:07Z
BS21208,2001,2001-07-27,gamestatwide.asp,AIBONITO,86,SANTURCE,98,27-20-29-10-0-0,31-19-26-22-0-0,single-source,wayback_bsnpr_games,https://web.archive.org/web/20011101180354id_/http://www.bsnpr.com:80/gamestatwide.asp?r=BS21208&grupo=,2026-09-08T15:37:44Z
BS21209,2001,2001-07-27,gamestatwide.asp,BAYAMON,86,MAYAGUEZ,74,27-21-21-17-0-0,23-16-15-20-0-0,single-source,wayback_bsnpr_games,https://web.archive.org/web/20011201122655id_/http://www.bsnpr.com:80/gamestatwide.asp?r=BS21209&grupo=,2026-09-08T15:39:38Z
BS21210,2001,2001-07-27,gamestatwide.asp,SAN GERMAN,122,QUEBRADILLAS,113,29-30-29-34-0-0,42-11-25-2233-0-0,single-source,wayback_bsnpr_games,https://web.archive.org/web/20011223160921id_/http://www.bsnpr.com:80/gamestatwide.asp?r=BS21210&grupo=,2026-09-08T15:40:39Z
BS21212,2001,2001-07-28,gamestatwide.asp,QUEBRADILLAS,94,SANTURCE,100,17-21-25-21-0-0,33-21-25-21-0-0,single-source,wayback_bsnpr_games,https://web.archive.org/web/20011101181030id_/http://www.bsnpr.com:80/gamestatwide.asp?r=BS21212&grupo=,2026-09-08T15:37:48Z
BS21213,2001,2001-07-28,gamestatwide.asp,CAGUAS,80,BAYAMON,94,21-21-20-18-0-0,18-28-18-30-0-0,single-source,wayback_bsnpr_games,https://web.archive.org/web/20011201123503id_/http://www.bsnpr.com:80/gamestatwide.asp?r=BS21213&grupo=,2026-09-08T15:39:40Z
BS21216,2001,2001-07-30,gamestatwide.asp,SANTURCE,100,CAGUAS,98,24-25-25-26-0-0,26-24-25-23-0-0,single-source,wayback_bsnpr_games,https://web.archive.org/web/20011101181954id_/http://www.bsnpr.com:80/gamestatwide.asp?r=BS21216&grupo=,2026-09-08T15:38:00Z
BS21218,2001,2001-07-30,gamestatwide.asp,SAN GERMAN,99,MAYAGUEZ,82,24-25-26-24-0-0,26-29-14-13-0-0,single-source,wayback_bsnpr_games,https://web.archive.org/web/20020417022554id_/http://www.bsnpr.com:80/gamestatwide.asp?r=BS21218&grupo=,2026-09-08T15:42:09Z
BS21220,2001,2001-07-31,gamestatwide.asp,SANTURCE,93,AIBONITO,78,20-20-33-20-0-0,19-19-26-29-0-0,single-source,wayback_bsnpr_games,https://web.archive.org/web/20011101181706id_/http://www.bsnpr.com:80/gamestatwide.asp?r=BS21220&grupo=,2026-09-08T15:37:51Z
BS21221,2001,2001-07-31,gamestatwide.asp,MAYAGUEZ,102,BAYAMON,106,29-23-25-25-0-0,32-28-24-22-0-0,single-source,wayback_bsnpr_games,https://web.archive.org/web/20020221152025id_/http://www.bsnpr.com:80/gamestatwide.asp?r=BS21221&grupo=,2026-09-08T15:42:05Z
BS21224,2001,2001-08-02,gamestatwide.asp,SANTURCE,102,PONCE,72,27-20-23-22-0-0,14-25-22-11-0-0,single-source,wayback_bsnpr_games,https://web.archive.org/web/20011101182914id_/http://www.bsnpr.com:80/gamestatwide.asp?r=BS21224&grupo=,2026-09-08T15:38:08Z
BS21225,2001,2001-08-02,gamestatwide.asp,BAYAMON,83,SAN GERMAN,72,19-27-8-29-0-0,19-21-13-19-0-0,single-source,wayback_bsnpr_games,https://web.archive.org/web/20011201130428id_/http://www.bsnpr.com:80/gamestatwide.asp?r=BS21225&grupo=,2026-09-08T15:39:48Z
BS21228,2001,2001-08-03,gamestatwide.asp,SAN GERMAN,121,SANTURCE,112,35-27-36-23-0-0,24-28-26-34-0-0,single-source,wayback_bsnpr_games,https://web.archive.org/web/20010901045814id_/http://www.bsnpr.com:80/gamestatwide.asp?r=BS21228&GRUPO=PO99&SERIE=4,2026-09-08T15:36:34Z
BS21228,2001,2001-08-03,gamestatwide.asp,SAN GERMAN,121,SANTURCE,112,35-27-36-23-0-0,24-28-26-34-0-0,single-source,wayback_bsnpr_games,https://web.archive.org/web/20010917105704id_/http://www.bsnpr.com:80/gamestatwide.asp?r=BS21228&grupo=,2026-09-08T15:36:44Z
BS21229,2001,2001-08-03,gamestatwide.asp,BAYAMON,87,PONCE,96,19-23-20-25-0-0,26-20-18-32-0-0,single-source,wayback_bsnpr_games,https://web.archive.org/web/20011201132404id_/http://www.bsnpr.com:80/gamestatwide.asp?r=BS21229&grupo=,2026-09-08T15:39:55Z
BS21232,2001,2001-08-05,gamestatwide.asp,SANTURCE,77,BAYAMON,76,17-15-19-25-0-0,20-15-20-21-0-0,single-source,wayback_bsnpr_games,https://web.archive.org/web/20011101182959id_/http://www.bsnpr.com:80/gamestatwide.asp?r=BS21232&grupo=,2026-09-08T15:38:13Z
BS21233,2001,2001-08-05,gamestatwide.asp,AIBONITO,99,SAN GERMAN,101,31-17-31-20-0-0,22-24-31-24-0-0,single-source,wayback_bsnpr_games,https://web.archive.org/web/20010917110131id_/http://www.bsnpr.com:80/gamestatwide.asp?r=BS21233&grupo=,2026-09-08T15:36:46Z
BS21236,2001,2001-08-06,gamestatwide.asp,MAYAGUEZ,92,SANTURCE,71,25-29-16-22-0-0,22-18-15-16-0-0,single-source,wayback_bsnpr_games,https://web.archive.org/web/20011101183808id_/http://www.bsnpr.com:80/gamestatwide.asp?r=BS21236&grupo=,2026-09-08T15:38:24Z
BS21237,2001,2001-08-06,gamestatwide.asp,BAYAMON,125,QUEBRADILLAS,89,26-27-31-41-0-0,29-19-17-24-0-0,single-source,wayback_bsnpr_games,https://web.archive.org/web/20011201133020id_/http://www.bsnpr.com:80/gamestatwide.asp?r=BS21237&grupo=,2026-09-08T15:39:58Z
BS21238,2001,2001-08-06,gamestatwide.asp,SAN GERMAN,122,CAGUAS,110,31-31-35-25-0-0,20-30-35-25-0-0,single-source,wayback_bsnpr_games,https://web.archive.org/web/20010901050921id_/http://www.bsnpr.com:80/gamestatwide.asp?r=BS21238&GRUPO=PO99&SERIE=4,2026-09-08T15:36:36Z
BS21238,2001,2001-08-06,gamestatwide.asp,SAN GERMAN,122,CAGUAS,110,31-31-35-25-0-0,20-30-35-25-0-0,single-source,wayback_bsnpr_games,https://web.archive.org/web/20010917110812id_/http://www.bsnpr.com:80/gamestatwide.asp?r=BS21238&grupo=,2026-09-08T15:36:48Z
BS21238,2001,2001-08-06,gamestatwide.asp,SAN GERMAN,122,CAGUAS,110,31-31-35-25-0-0,20-30-35-25-0-0,single-source,wayback_bsnpr_games,https://web.archive.org/web/20011224200933id_/http://www.bsnpr.com:80/gamestatwide.asp?r=BS21238&grupo=,2026-09-08T15:41:17Z
BS21300,2001,2001-08-31,gamestatwide.asp,SANTURCE,79,PONCE,76,14-23-20-22-0-0,20-28-12-16-0-0,single-source,wayback_bsnpr_games,https://web.archive.org/web/20011212155923id_/http://www.bsnpr.com:80/gamestatwide.asp?r=BS21300&grupo=,2026-09-08T15:40:05Z
BS21301,2001,2001-09-01,gamestatwide.asp,BAYAMON,88,SAN GERMAN,81,26-18-19-25-0-0,22-15-21-23-0-0,single-source,wayback_bsnpr_games,https://web.archive.org/web/20011201134040id_/http://www.bsnpr.com:80/gamestatwide.asp?r=BS21301&grupo=,2026-09-08T15:40:02Z
BS21303,2001,2001-09-03,gamestatwide.asp,SAN GERMAN,88,BAYAMON,83,22-19-17-30-0-0,25-21-19-18-0-0,single-source,wayback_bsnpr_games,https://web.archive.org/web/20011020072803id_/http://www.bsnpr.com:80/gamestatwide.asp?r=BS21303&grupo=,2026-09-08T15:37:13Z
BS21304,2001,2001-09-04,gamestatwide.asp,SANTURCE,114,PONCE,110,26-29-17-21-21-0,28-21-19-25-17-0,single-source,wayback_bsnpr_games,https://web.archive.org/web/20011020072326id_/http://www.bsnpr.com:80/gamestatwide.asp?r=BS21304&GRUPO=PO99&SERIE=4,2026-09-08T15:37:10Z
BS21304,2001,2001-09-04,gamestatwide.asp,SANTURCE,114,PONCE,110,26-29-17-21-21-0,28-21-19-25-17-0,single-source,wayback_bsnpr_games,https://web.archive.org/web/20011101184326id_/http://www.bsnpr.com:80/gamestatwide.asp?r=BS21304&grupo=,2026-09-08T15:38:26Z
BS21305,2001,2001-09-05,gamestatwide.asp,BAYAMON,101,SAN GERMAN,96,28-16-33-24-0-0,24-16-26-30-0-0,single-source,wayback_bsnpr_games,https://web.archive.org/web/20011020073637id_/http://www.bsnpr.com:80/gamestatwide.asp?r=BS21305&GRUPO=PO99&SERIE=4,2026-09-08T15:37:15Z
BS21306,2001,2001-09-06,gamestatwide.asp,PONCE,96,SANTURCE,108,21-23-26-26-0-0,38-27-16-27-0-0,single-source,wayback_bsnpr_games,https://web.archive.org/web/20011201085750id_/http://www.bsnpr.com:80/gamestatwide.asp?r=BS21306&GRUPO=PO99&SERIE=4,2026-09-08T15:39:34Z
BS21307,2001,2001-09-07,gamestatwide.asp,SAN GERMAN,108,BAYAMON,100,28-25-32-23-0-0,19-21-22-37-0-0,single-source,wayback_bsnpr_games,https://web.archive.org/web/20011020074608id_/http://www.bsnpr.com:80/gamestatwide.asp?r=BS21307&GRUPO=PO99&SERIE=4,2026-09-08T15:37:20Z
BS21308,2001,2001-09-08,gamestatwide.asp,SANTURCE,94,PONCE,97,21-29-30-14-0-0,40-18-20-19-0-0,single-source,wayback_bsnpr_games,https://web.archive.org/web/20011020074738id_/http://www.bsnpr.com:80/gamestatwide.asp?r=BS21308&GRUPO=PO99&SERIE=4,2026-09-08T15:37:22Z
BS21308,2001,2001-09-08,gamestatwide.asp,SANTURCE,94,PONCE,97,21-29-30-14-0-0,40-18-20-19-0-0,single-source,wayback_bsnpr_games,https://web.archive.org/web/20011101180253id_/http://www.bsnpr.com:80/gamestatwide.asp?r=BS21308&grupo=,2026-09-08T15:37:42Z
BS21309,2001,2001-09-09,gamestatwide.asp,BAYAMON,109,SAN GERMAN,75,27-28-32-22-0-0,16-17-23-19-0-0,single-source,wayback_bsnpr_games,https://web.archive.org/web/20011020100200id_/http://www.bsnpr.com:80/gamestatwide.asp?r=BS21309&GRUPO=PO99&SERIE=4,2026-09-08T15:37:24Z
BS21309,2001,2001-09-09,gamestatwide.asp,BAYAMON,109,SAN GERMAN,75,27-28-32-22-0-0,16-17-23-19-0-0,single-source,wayback_bsnpr_games,https://web.archive.org/web/20011201121839id_/http://www.bsnpr.com:80/gamestatwide.asp?r=BS21309&grupo=,2026-09-08T15:39:36Z
BS21310,2001,2001-09-10,gamestatwide.asp,PONCE,95,SANTURCE,85,26-20-19-30-0-0,22-19-25-19-0-0,single-source,wayback_bsnpr_games,https://web.archive.org/web/20011020101511id_/http://www.bsnpr.com:80/gamestatwide.asp?r=BS21310&GRUPO=PO99&SERIE=4,2026-09-08T15:37:26Z
BS21310,2001,2001-09-10,gamestatwide.asp,PONCE,95,SANTURCE,85,26-20-19-30-0-0,22-19-25-19-0-0,single-source,wayback_bsnpr_games,https://web.archive.org/web/20011101180100id_/http://www.bsnpr.com:80/gamestatwide.asp?r=BS21310&grupo=,2026-09-08T15:37:40Z
BS21311,2001,2001-09-12,gamestatwide.asp,SAN GERMAN,88,BAYAMON,91,18-23-24-19-4-0,20-26-25-13-7-0,single-source,wayback_bsnpr_games,https://web.archive.org/web/20011020102052id_/http://www.bsnpr.com:80/gamestatwide.asp?r=BS21311&GRUPO=PO99&SERIE=4,2026-09-08T15:37:28Z
BS21311,2001,2001-09-12,gamestatwide.asp,SAN GERMAN,88,BAYAMON,91,18-23-24-19-4-0,20-26-25-13-7-0,single-source,wayback_bsnpr_games,https://web.archive.org/web/20011201123614id_/http://www.bsnpr.com:80/gamestatwide.asp?r=BS21311&grupo=,2026-09-08T15:39:43Z
BS21312,2001,2001-09-14,gamestatwide.asp,SANTURCE,109,PONCE,86,20-23-22-31-0-0,24-28-27-30-0-0,single-source,wayback_bsnpr_games,https://web.archive.org/web/20011020102732id_/http://www.bsnpr.com:80/gamestatwide.asp?r=BS21312&GRUPO=PO99&SERIE=4,2026-09-08T15:37:30Z
BS21312,2001,2001-09-14,gamestatwide.asp,SANTURCE,109,PONCE,86,20-23-22-31-0-0,24-28-27-30-0-0,single-source,wayback_bsnpr_games,https://web.archive.org/web/20011101175905id_/http://www.bsnpr.com:80/gamestatwide.asp?r=BS21312&grupo=,2026-09-08T15:37:38Z
BS21400,2001,2001-09-16,gamestatwide.asp,SANTURCE,82,BAYAMON,78,27-24-15-16-0-0,26-22-16-14-0-0,single-source,wayback_bsnpr_games,https://web.archive.org/web/20011101181733id_/http://www.bsnpr.com:80/gamestatwide.asp?r=BS21400&grupo=,2026-09-08T15:37:53Z
BS21401,2001,2001-09-17,gamestatwide.asp,BAYAMON,70,SANTURCE,74,25-17-15-13-0-0,23-23-12-16-0-0,single-source,wayback_bsnpr_games,https://web.archive.org/web/20011101182246id_/http://www.bsnpr.com:80/gamestatwide.asp?r=BS21401&grupo=,2026-09-08T15:38:02Z
BS21402,2001,2001-09-19,gamestatwide.asp,SANTURCE,95,BAYAMON,84,20-23-32-20-0-0,28-18-19-19-0-0,single-source,wayback_bsnpr_games,https://web.archive.org/web/20011101182315id_/http://www.bsnpr.com:80/gamestatwide.asp?r=BS21402&grupo=,2026-09-08T15:38:04Z
BS21403,2001,2001-09-21,gamestatwide.asp,BAYAMON,92,SANTURCE,97,22-23-14-18-15-0,24-15-23-15-20-0,single-source,wayback_bsnpr_games,https://web.archive.org/web/20011101182419id_/http://www.bsnpr.com:80/gamestatwide.asp?r=BS21403&grupo=,2026-09-08T15:38:06Z
