season,category,prom_kind,serie,rank,player_raw,club_raw,games,v1,v2,v3,prom,parse_flag,confidence,source_id,source_url,retrieved_at,capture_date
2000,anotaciones,per_game,,1,Simms,MOROV,28,633,,,22.6,,single-source,wayback_bsnpr_root,https://web.archive.org/web/20030811092455id_/http://www.bsnpr.com:80/lideres2000.asp?t=3,2026-09-08T14:05:37Z,2003-08-11
2000,anotaciones,per_game,,2,Vega,CAGUA,27,589,,,21.8,,single-source,wayback_bsnpr_root,https://web.archive.org/web/20030811092455id_/http://www.bsnpr.com:80/lideres2000.asp?t=3,2026-09-08T14:05:37Z,2003-08-11
2000,anotaciones,per_game,,3,Simpson,CAROL,28,566,,,20.2,,single-source,wayback_bsnpr_root,https://web.archive.org/web/20030811092455id_/http://www.bsnpr.com:80/lideres2000.asp?t=3,2026-09-08T14:05:37Z,2003-08-11
2000,anotaciones,per_game,,4,Carter,GUAYA,28,564,,,20.1,,single-source,wayback_bsnpr_root,https://web.archive.org/web/20030811092455id_/http://www.bsnpr.com:80/lideres2000.asp?t=3,2026-09-08T14:05:37Z,2003-08-11
2000,anotaciones,per_game,,5,Wilson,COAMO,27,549,,,20.3,,single-source,wayback_bsnpr_root,https://web.archive.org/web/20030811092455id_/http://www.bsnpr.com:80/lideres2000.asp?t=3,2026-09-08T14:05:37Z,2003-08-11
2000,anotaciones,per_game,,6,Stewart,SAN G,28,541,,,19.3,,single-source,wayback_bsnpr_root,https://web.archive.org/web/20030811092455id_/http://www.bsnpr.com:80/lideres2000.asp?t=3,2026-09-08T14:05:37Z,2003-08-11
2000,anotaciones,per_game,,7,Casian0,SAN G,24,535,,,22.3,,single-source,wayback_bsnpr_root,https://web.archive.org/web/20030811092455id_/http://www.bsnpr.com:80/lideres2000.asp?t=3,2026-09-08T14:05:37Z,2003-08-11
2000,anotaciones,per_game,,8,Farmer,PONCE,27,532,,,19.7,,single-source,wayback_bsnpr_root,https://web.archive.org/web/20030811092455id_/http://www.bsnpr.com:80/lideres2000.asp?t=3,2026-09-08T14:05:37Z,2003-08-11
2000,anotaciones,per_game,,9,Dalmau,QUEBR,28,527,,,18.8,,single-source,wayback_bsnpr_root,https://web.archive.org/web/20030811092455id_/http://www.bsnpr.com:80/lideres2000.asp?t=3,2026-09-08T14:05:37Z,2003-08-11
2000,anotaciones,per_game,,10,Dalmau,COAMO,26,512,,,19.7,,single-source,wayback_bsnpr_root,https://web.archive.org/web/20030811092455id_/http://www.bsnpr.com:80/lideres2000.asp?t=3,2026-09-08T14:05:37Z,2003-08-11
2000,asistencias,per_game,,1,Dalmau,QUEBR,28,215,,,7.7,,single-source,wayback_bsnpr_root,https://web.archive.org/web/20030811092455id_/http://www.bsnpr.com:80/lideres2000.asp?t=3,2026-09-08T14:05:37Z,2003-08-11
2000,asistencias,per_game,,2,Dalmau,COAMO,26,180,,,6.9,,single-source,wayback_bsnpr_root,https://web.archive.org/web/20030811092455id_/http://www.bsnpr.com:80/lideres2000.asp?t=3,2026-09-08T14:05:37Z,2003-08-11
2000,asistencias,per_game,,3,Carter,GUAYA,28,173,,,6.2,,single-source,wayback_bsnpr_root,https://web.archive.org/web/20030811092455id_/http://www.bsnpr.com:80/lideres2000.asp?t=3,2026-09-08T14:05:37Z,2003-08-11
2000,asistencias,per_game,,4,Hatton,SAN G,26,146,,,5.6,,single-source,wayback_bsnpr_root,https://web.archive.org/web/20030811092455id_/http://www.bsnpr.com:80/lideres2000.asp?t=3,2026-09-08T14:05:37Z,2003-08-11
2000,asistencias,per_game,,5,Alicea,MOROV,26,122,,,4.7,,single-source,wayback_bsnpr_root,https://web.archive.org/web/20030811092455id_/http://www.bsnpr.com:80/lideres2000.asp?t=3,2026-09-08T14:05:37Z,2003-08-11
2000,asistencias,per_game,,6,Santiago,BAYAM,28,121,,,4.3,,single-source,wayback_bsnpr_root,https://web.archive.org/web/20030811092455id_/http://www.bsnpr.com:80/lideres2000.asp?t=3,2026-09-08T14:05:37Z,2003-08-11
2000,asistencias,per_game,,7,Davila,BAYAM,24,111,,,4.6,,single-source,wayback_bsnpr_root,https://web.archive.org/web/20030811092455id_/http://www.bsnpr.com:80/lideres2000.asp?t=3,2026-09-08T14:05:37Z,2003-08-11
2000,asistencias,per_game,,8,Arroyo,SANTU,28,110,,,3.9,,single-source,wayback_bsnpr_root,https://web.archive.org/web/20030811092455id_/http://www.bsnpr.com:80/lideres2000.asp?t=3,2026-09-08T14:05:37Z,2003-08-11
2000,asistencias,per_game,,9,Santiago,SANTU,24,109,,,4.5,,single-source,wayback_bsnpr_root,https://web.archive.org/web/20030811092455id_/http://www.bsnpr.com:80/lideres2000.asp?t=3,2026-09-08T14:05:37Z,2003-08-11
2000,asistencias,per_game,,10,Pagan,MOROV,28,107,,,3.8,,single-source,wayback_bsnpr_root,https://web.archive.org/web/20030811092455id_/http://www.bsnpr.com:80/lideres2000.asp?t=3,2026-09-08T14:05:37Z,2003-08-11
2000,bloqueos,per_game,,1,Davis,MOROV,17,39,,,2.3,,single-source,wayback_bsnpr_root,https://web.archive.org/web/20030811092455id_/http://www.bsnpr.com:80/lideres2000.asp?t=3,2026-09-08T14:05:37Z,2003-08-11
2000,bloqueos,per_game,,2,Ortiz,SANTU,28,37,,,1.3,,single-source,wayback_bsnpr_root,https://web.archive.org/web/20030811092455id_/http://www.bsnpr.com:80/lideres2000.asp?t=3,2026-09-08T14:05:37Z,2003-08-11
2000,bloqueos,per_game,,3,Rivera,ARECI,28,29,,,1.0,,single-source,wayback_bsnpr_root,https://web.archive.org/web/20030811092455id_/http://www.bsnpr.com:80/lideres2000.asp?t=3,2026-09-08T14:05:37Z,2003-08-11
2000,bloqueos,per_game,,4,Mackie,PONCE,27,27,,,1.0,,single-source,wayback_bsnpr_root,https://web.archive.org/web/20030811092455id_/http://www.bsnpr.com:80/lideres2000.asp?t=3,2026-09-08T14:05:37Z,2003-08-11
2000,bloqueos,per_game,,5,Goldston,ARECI,18,23,,,1.3,,single-source,wayback_bsnpr_root,https://web.archive.org/web/20030811092455id_/http://www.bsnpr.com:80/lideres2000.asp?t=3,2026-09-08T14:05:37Z,2003-08-11
2000,bloqueos,per_game,,6,Benjamin,CAGUA,14,21,,,1.5,,single-source,wayback_bsnpr_root,https://web.archive.org/web/20030811092455id_/http://www.bsnpr.com:80/lideres2000.asp?t=3,2026-09-08T14:05:37Z,2003-08-11
2000,bloqueos,per_game,,7,Turner,ARECI,15,21,,,1.4,,single-source,wayback_bsnpr_root,https://web.archive.org/web/20030811092455id_/http://www.bsnpr.com:80/lideres2000.asp?t=3,2026-09-08T14:05:37Z,2003-08-11
2000,bloqueos,per_game,,8,Ketner,CAGUA,19,19,,,1.0,,single-source,wayback_bsnpr_root,https://web.archive.org/web/20030811092455id_/http://www.bsnpr.com:80/lideres2000.asp?t=3,2026-09-08T14:05:37Z,2003-08-11
2000,bloqueos,per_game,,9,Long,GUAYA,9,18,,,2.0,,single-source,wayback_bsnpr_root,https://web.archive.org/web/20030811092455id_/http://www.bsnpr.com:80/lideres2000.asp?t=3,2026-09-08T14:05:37Z,2003-08-11
2000,bloqueos,per_game,,10,Mcdonald,GUAYN,7,18,,,2.6,,single-source,wayback_bsnpr_root,https://web.archive.org/web/20030811092455id_/http://www.bsnpr.com:80/lideres2000.asp?t=3,2026-09-08T14:05:37Z,2003-08-11
2000,canastos_3,per_game,,1,Ayuso,SAN G,28,78,,,2.8,,single-source,wayback_bsnpr_root,https://web.archive.org/web/20030811092455id_/http://www.bsnpr.com:80/lideres2000.asp?t=3,2026-09-08T14:05:37Z,2003-08-11
2000,canastos_3,per_game,,2,Travieso,MOROV,18,64,,,3.6,,single-source,wayback_bsnpr_root,https://web.archive.org/web/20030811092455id_/http://www.bsnpr.com:80/lideres2000.asp?t=3,2026-09-08T14:05:37Z,2003-08-11
2000,canastos_3,per_game,,3,Alicea,MOROV,26,62,,,2.4,,single-source,wayback_bsnpr_root,https://web.archive.org/web/20030811092455id_/http://www.bsnpr.com:80/lideres2000.asp?t=3,2026-09-08T14:05:37Z,2003-08-11
2000,canastos_3,per_game,,4,Benson,GUAYA,28,62,,,2.2,,single-source,wayback_bsnpr_root,https://web.archive.org/web/20030811092455id_/http://www.bsnpr.com:80/lideres2000.asp?t=3,2026-09-08T14:05:37Z,2003-08-11
2000,canastos_3,per_game,,5,Curbelo,QUEBR,28,61,,,2.2,,single-source,wayback_bsnpr_root,https://web.archive.org/web/20030811092455id_/http://www.bsnpr.com:80/lideres2000.asp?t=3,2026-09-08T14:05:37Z,2003-08-11
2000,canastos_3,per_game,,6,Vega,CAGUA,27,60,,,2.2,,single-source,wayback_bsnpr_root,https://web.archive.org/web/20030811092455id_/http://www.bsnpr.com:80/lideres2000.asp?t=3,2026-09-08T14:05:37Z,2003-08-11
2000,canastos_3,per_game,,7,Arroyo,SANTU,28,58,,,2.1,,single-source,wayback_bsnpr_root,https://web.archive.org/web/20030811092455id_/http://www.bsnpr.com:80/lideres2000.asp?t=3,2026-09-08T14:05:37Z,2003-08-11
2000,canastos_3,per_game,,8,De Jesus,MAYAG,27,57,,,2.1,,single-source,wayback_bsnpr_root,https://web.archive.org/web/20030811092455id_/http://www.bsnpr.com:80/lideres2000.asp?t=3,2026-09-08T14:05:37Z,2003-08-11
2000,canastos_3,per_game,,9,Borges,COAMO,26,56,,,2.2,,single-source,wayback_bsnpr_root,https://web.archive.org/web/20030811092455id_/http://www.bsnpr.com:80/lideres2000.asp?t=3,2026-09-08T14:05:37Z,2003-08-11
2000,canastos_3,per_game,,10,Casian0,SAN G,24,54,,,2.3,,single-source,wayback_bsnpr_root,https://web.archive.org/web/20030811092455id_/http://www.bsnpr.com:80/lideres2000.asp?t=3,2026-09-08T14:05:37Z,2003-08-11
2000,canastos_3_pct,percentage,,1,Nieves,CAROL,27,109,52,,47.7,,single-source,wayback_bsnpr_root,https://web.archive.org/web/20030811092455id_/http://www.bsnpr.com:80/lideres2000.asp?t=3,2026-09-08T14:05:37Z,2003-08-11
2000,canastos_3_pct,percentage,,2,Donaldson,MAYAG,21,94,44,,46.8,,single-source,wayback_bsnpr_root,https://web.archive.org/web/20030811092455id_/http://www.bsnpr.com:80/lideres2000.asp?t=3,2026-09-08T14:05:37Z,2003-08-11
2000,canastos_3_pct,percentage,,3,Travieso,MOROV,18,149,64,,43.0,,single-source,wayback_bsnpr_root,https://web.archive.org/web/20030811092455id_/http://www.bsnpr.com:80/lideres2000.asp?t=3,2026-09-08T14:05:37Z,2003-08-11
2000,canastos_3_pct,percentage,,4,Alicea,MOROV,26,147,62,,42.2,,single-source,wayback_bsnpr_root,https://web.archive.org/web/20030811092455id_/http://www.bsnpr.com:80/lideres2000.asp?t=3,2026-09-08T14:05:37Z,2003-08-11
2000,canastos_3_pct,percentage,,5,Nieves,CAGUA,25,60,25,,41.7,,single-source,wayback_bsnpr_root,https://web.archive.org/web/20030811092455id_/http://www.bsnpr.com:80/lideres2000.asp?t=3,2026-09-08T14:05:37Z,2003-08-11
2000,canastos_3_pct,percentage,,6,Benson,GUAYA,28,150,62,,41.3,,single-source,wayback_bsnpr_root,https://web.archive.org/web/20030811092455id_/http://www.bsnpr.com:80/lideres2000.asp?t=3,2026-09-08T14:05:37Z,2003-08-11
2000,canastos_3_pct,percentage,,7,Lockhart,QUEBR,28,88,36,,40.9,,single-source,wayback_bsnpr_root,https://web.archive.org/web/20030811092455id_/http://www.bsnpr.com:80/lideres2000.asp?t=3,2026-09-08T14:05:37Z,2003-08-11
2000,canastos_3_pct,percentage,,8,Ayuso,SAN G,28,194,78,,40.2,,single-source,wayback_bsnpr_root,https://web.archive.org/web/20030811092455id_/http://www.bsnpr.com:80/lideres2000.asp?t=3,2026-09-08T14:05:37Z,2003-08-11
2000,canastos_3_pct,percentage,,9,Santiago,SANTU,24,110,44,,40.0,,single-source,wayback_bsnpr_root,https://web.archive.org/web/20030811092455id_/http://www.bsnpr.com:80/lideres2000.asp?t=3,2026-09-08T14:05:37Z,2003-08-11
2000,canastos_3_pct,percentage,,10,Jackson,BAYAM,24,86,34,,39.5,,single-source,wayback_bsnpr_root,https://web.archive.org/web/20030811092455id_/http://www.bsnpr.com:80/lideres2000.asp?t=3,2026-09-08T14:05:37Z,2003-08-11
2000,cortes_balon,per_game,,1,De Jesus,MAYAG,27,58,,,2.1,,single-source,wayback_bsnpr_root,https://web.archive.org/web/20030811092455id_/http://www.bsnpr.com:80/lideres2000.asp?t=3,2026-09-08T14:05:37Z,2003-08-11
2000,cortes_balon,per_game,,2,Farmer,PONCE,27,57,,,2.1,,single-source,wayback_bsnpr_root,https://web.archive.org/web/20030811092455id_/http://www.bsnpr.com:80/lideres2000.asp?t=3,2026-09-08T14:05:37Z,2003-08-11
2000,cortes_balon,per_game,,3,Santiago,BAYAM,28,56,,,2.0,,single-source,wayback_bsnpr_root,https://web.archive.org/web/20030811092455id_/http://www.bsnpr.com:80/lideres2000.asp?t=3,2026-09-08T14:05:37Z,2003-08-11
2000,cortes_balon,per_game,,4,Dalmau,QUEBR,28,53,,,1.9,,single-source,wayback_bsnpr_root,https://web.archive.org/web/20030811092455id_/http://www.bsnpr.com:80/lideres2000.asp?t=3,2026-09-08T14:05:37Z,2003-08-11
2000,cortes_balon,per_game,,5,Rodriguez,AIBON,23,50,,,2.2,,single-source,wayback_bsnpr_root,https://web.archive.org/web/20030811092455id_/http://www.bsnpr.com:80/lideres2000.asp?t=3,2026-09-08T14:05:37Z,2003-08-11
2000,cortes_balon,per_game,,6,Santiago,SANTU,24,50,,,2.1,,single-source,wayback_bsnpr_root,https://web.archive.org/web/20030811092455id_/http://www.bsnpr.com:80/lideres2000.asp?t=3,2026-09-08T14:05:37Z,2003-08-11
2000,cortes_balon,per_game,,7,Brown,ARECI,28,48,,,1.7,,single-source,wayback_bsnpr_root,https://web.archive.org/web/20030811092455id_/http://www.bsnpr.com:80/lideres2000.asp?t=3,2026-09-08T14:05:37Z,2003-08-11
2000,cortes_balon,per_game,,8,Honeycut,ISABE,23,47,,,2.0,,single-source,wayback_bsnpr_root,https://web.archive.org/web/20030811092455id_/http://www.bsnpr.com:80/lideres2000.asp?t=3,2026-09-08T14:05:37Z,2003-08-11
2000,cortes_balon,per_game,,9,Lockhart,QUEBR,28,46,,,1.6,,single-source,wayback_bsnpr_root,https://web.archive.org/web/20030811092455id_/http://www.bsnpr.com:80/lideres2000.asp?t=3,2026-09-08T14:05:37Z,2003-08-11
2000,cortes_balon,per_game,,10,Quinones,ISABE,28,46,,,1.6,,single-source,wayback_bsnpr_root,https://web.archive.org/web/20030811092455id_/http://www.bsnpr.com:80/lideres2000.asp?t=3,2026-09-08T14:05:37Z,2003-08-11
2000,rebotes,per_game,,1,Lockhart,QUEBR,28,276,129,405,14.5,,single-source,wayback_bsnpr_root,https://web.archive.org/web/20030811092455id_/http://www.bsnpr.com:80/lideres2000.asp?t=3,2026-09-08T14:05:37Z,2003-08-11
2000,rebotes,per_game,,2,Stewart,SAN G,28,248,124,372,13.3,,single-source,wayback_bsnpr_root,https://web.archive.org/web/20030811092455id_/http://www.bsnpr.com:80/lideres2000.asp?t=3,2026-09-08T14:05:37Z,2003-08-11
2000,rebotes,per_game,,3,Rivera,ARECI,28,229,59,288,10.3,,single-source,wayback_bsnpr_root,https://web.archive.org/web/20030811092455id_/http://www.bsnpr.com:80/lideres2000.asp?t=3,2026-09-08T14:05:37Z,2003-08-11
2000,rebotes,per_game,,4,Clark,MAYAG,27,190,94,284,10.5,,single-source,wayback_bsnpr_root,https://web.archive.org/web/20030811092455id_/http://www.bsnpr.com:80/lideres2000.asp?t=3,2026-09-08T14:05:37Z,2003-08-11
2000,rebotes,per_game,,5,Mackie,PONCE,27,180,96,276,10.2,,single-source,wayback_bsnpr_root,https://web.archive.org/web/20030811092455id_/http://www.bsnpr.com:80/lideres2000.asp?t=3,2026-09-08T14:05:37Z,2003-08-11
2000,rebotes,per_game,,6,Ortiz,SANTU,28,200,52,252,9.0,,single-source,wayback_bsnpr_root,https://web.archive.org/web/20030811092455id_/http://www.bsnpr.com:80/lideres2000.asp?t=3,2026-09-08T14:05:37Z,2003-08-11
2000,rebotes,per_game,,7,Simpson,CAROL,28,151,95,246,8.8,,single-source,wayback_bsnpr_root,https://web.archive.org/web/20030811092455id_/http://www.bsnpr.com:80/lideres2000.asp?t=3,2026-09-08T14:05:37Z,2003-08-11
2000,rebotes,per_game,,8,Davis,MOROV,17,160,76,236,13.9,,single-source,wayback_bsnpr_root,https://web.archive.org/web/20030811092455id_/http://www.bsnpr.com:80/lideres2000.asp?t=3,2026-09-08T14:05:37Z,2003-08-11
2000,rebotes,per_game,,9,Wilson,COAMO,27,162,63,225,8.3,,single-source,wayback_bsnpr_root,https://web.archive.org/web/20030811092455id_/http://www.bsnpr.com:80/lideres2000.asp?t=3,2026-09-08T14:05:37Z,2003-08-11
2000,rebotes,per_game,,10,Simms,MOROV,28,135,82,217,7.8,,single-source,wayback_bsnpr_root,https://web.archive.org/web/20030811092455id_/http://www.bsnpr.com:80/lideres2000.asp?t=3,2026-09-08T14:05:37Z,2003-08-11
2000,tiros_libres_anotados,per_game,,1,Carter,GUAYA,28,169,,,6.0,,single-source,wayback_bsnpr_root,https://web.archive.org/web/20030811092455id_/http://www.bsnpr.com:80/lideres2000.asp?t=3,2026-09-08T14:05:37Z,2003-08-11
2000,tiros_libres_anotados,per_game,,2,Farmer,PONCE,27,168,,,6.2,,single-source,wayback_bsnpr_root,https://web.archive.org/web/20030811092455id_/http://www.bsnpr.com:80/lideres2000.asp?t=3,2026-09-08T14:05:37Z,2003-08-11
2000,tiros_libres_anotados,per_game,,3,Stewart,SAN G,28,163,,,5.8,,single-source,wayback_bsnpr_root,https://web.archive.org/web/20030811092455id_/http://www.bsnpr.com:80/lideres2000.asp?t=3,2026-09-08T14:05:37Z,2003-08-11
2000,tiros_libres_anotados,per_game,,4,Simms,MOROV,28,156,,,5.6,,single-source,wayback_bsnpr_root,https://web.archive.org/web/20030811092455id_/http://www.bsnpr.com:80/lideres2000.asp?t=3,2026-09-08T14:05:37Z,2003-08-11
2000,tiros_libres_anotados,per_game,,5,Wilson,COAMO,27,119,,,4.4,,single-source,wayback_bsnpr_root,https://web.archive.org/web/20030811092455id_/http://www.bsnpr.com:80/lideres2000.asp?t=3,2026-09-08T14:05:37Z,2003-08-11
2000,tiros_libres_anotados,per_game,,6,Casian0,SAN G,24,117,,,4.9,,single-source,wayback_bsnpr_root,https://web.archive.org/web/20030811092455id_/http://www.bsnpr.com:80/lideres2000.asp?t=3,2026-09-08T14:05:37Z,2003-08-11
2000,tiros_libres_anotados,per_game,,7,Simpson,CAROL,28,116,,,4.1,,single-source,wayback_bsnpr_root,https://web.archive.org/web/20030811092455id_/http://www.bsnpr.com:80/lideres2000.asp?t=3,2026-09-08T14:05:37Z,2003-08-11
2000,tiros_libres_anotados,per_game,,8,Clark,MAYAG,27,110,,,4.1,,single-source,wayback_bsnpr_root,https://web.archive.org/web/20030811092455id_/http://www.bsnpr.com:80/lideres2000.asp?t=3,2026-09-08T14:05:37Z,2003-08-11
2000,tiros_libres_anotados,per_game,,9,Vega,CAGUA,27,109,,,4.0,,single-source,wayback_bsnpr_root,https://web.archive.org/web/20030811092455id_/http://www.bsnpr.com:80/lideres2000.asp?t=3,2026-09-08T14:05:37Z,2003-08-11
2000,tiros_libres_anotados,per_game,,10,Dalmau,QUEBR,28,104,,,3.7,,single-source,wayback_bsnpr_root,https://web.archive.org/web/20030811092455id_/http://www.bsnpr.com:80/lideres2000.asp?t=3,2026-09-08T14:05:37Z,2003-08-11
2000,tiros_libres_pct,percentage,,1,Casian0,SAN G,24,128,117,,91.4,,single-source,wayback_bsnpr_root,https://web.archive.org/web/20030811092455id_/http://www.bsnpr.com:80/lideres2000.asp?t=3,2026-09-08T14:05:37Z,2003-08-11
2000,tiros_libres_pct,percentage,,2,Santiago,SANTU,24,74,66,,89.2,,single-source,wayback_bsnpr_root,https://web.archive.org/web/20030811092455id_/http://www.bsnpr.com:80/lideres2000.asp?t=3,2026-09-08T14:05:37Z,2003-08-11
2000,tiros_libres_pct,percentage,,3,Benson,GUAYA,28,64,57,,89.1,,single-source,wayback_bsnpr_root,https://web.archive.org/web/20030811092455id_/http://www.bsnpr.com:80/lideres2000.asp?t=3,2026-09-08T14:05:37Z,2003-08-11
2000,tiros_libres_pct,percentage,,4,Donaldson,MAYAG,21,61,52,,85.2,,single-source,wayback_bsnpr_root,https://web.archive.org/web/20030811092455id_/http://www.bsnpr.com:80/lideres2000.asp?t=3,2026-09-08T14:05:37Z,2003-08-11
2000,tiros_libres_pct,percentage,,5,Allison,AIBON,15,40,34,,85.0,,single-source,wayback_bsnpr_root,https://web.archive.org/web/20030811092455id_/http://www.bsnpr.com:80/lideres2000.asp?t=3,2026-09-08T14:05:37Z,2003-08-11
2000,tiros_libres_pct,percentage,,6,Mincy,BAYAM,23,116,98,,84.5,,single-source,wayback_bsnpr_root,https://web.archive.org/web/20030811092455id_/http://www.bsnpr.com:80/lideres2000.asp?t=3,2026-09-08T14:05:37Z,2003-08-11
2000,tiros_libres_pct,percentage,,7,Vega,CAGUA,27,130,109,,83.8,,single-source,wayback_bsnpr_root,https://web.archive.org/web/20030811092455id_/http://www.bsnpr.com:80/lideres2000.asp?t=3,2026-09-08T14:05:37Z,2003-08-11
2000,tiros_libres_pct,percentage,,8,Carter,GUAYA,28,203,169,,83.3,,single-source,wayback_bsnpr_root,https://web.archive.org/web/20030811092455id_/http://www.bsnpr.com:80/lideres2000.asp?t=3,2026-09-08T14:05:37Z,2003-08-11
2000,tiros_libres_pct,percentage,,9,Colon,PONCE,18,76,63,,82.9,,single-source,wayback_bsnpr_root,https://web.archive.org/web/20030811092455id_/http://www.bsnpr.com:80/lideres2000.asp?t=3,2026-09-08T14:05:37Z,2003-08-11
2000,tiros_libres_pct,percentage,,10,Ayuso,SAN G,28,69,57,,82.6,,single-source,wayback_bsnpr_root,https://web.archive.org/web/20030811092455id_/http://www.bsnpr.com:80/lideres2000.asp?t=3,2026-09-08T14:05:37Z,2003-08-11
2001,anotaciones,per_game,Semi Final,1,"Casiano, Eddie",PONCE,7,175,,,25.0,,single-source,wayback_bsnpr_root,https://web.archive.org/web/20010917100051id_/http://www.bsnpr.com:80/lideres2001.asp?grupo=BS21&serie=3,2026-09-08T14:05:45Z,2001-09-17
2001,anotaciones,per_game,Semi Final,2,"Ortiz, Jose",SANTU,7,152,,,21.7,,single-source,wayback_bsnpr_root,https://web.archive.org/web/20010917100051id_/http://www.bsnpr.com:80/lideres2001.asp?grupo=BS21&serie=3,2026-09-08T14:05:45Z,2001-09-17
2001,anotaciones,per_game,Semi Final,3,"Colon, Javier",PONCE,7,139,,,19.9,,single-source,wayback_bsnpr_root,https://web.archive.org/web/20010917100051id_/http://www.bsnpr.com:80/lideres2001.asp?grupo=BS21&serie=3,2026-09-08T14:05:45Z,2001-09-17
2001,anotaciones,per_game,Semi Final,4,"Western, Franklyn",BAYAM,6,130,,,21.7,,single-source,wayback_bsnpr_root,https://web.archive.org/web/20010917100051id_/http://www.bsnpr.com:80/lideres2001.asp?grupo=BS21&serie=3,2026-09-08T14:05:45Z,2001-09-17
2001,anotaciones,per_game,Semi Final,5,"Santiago, Orlando",SANTU,7,126,,,18.0,,single-source,wayback_bsnpr_root,https://web.archive.org/web/20010917100051id_/http://www.bsnpr.com:80/lideres2001.asp?grupo=BS21&serie=3,2026-09-08T14:05:45Z,2001-09-17
2001,anotaciones,per_game,Semi Final,6,"Ayuso, Larry",SAN G,6,114,,,19.0,,single-source,wayback_bsnpr_root,https://web.archive.org/web/20010917100051id_/http://www.bsnpr.com:80/lideres2001.asp?grupo=BS21&serie=3,2026-09-08T14:05:45Z,2001-09-17
2001,anotaciones,per_game,Semi Final,7,"Dalmau, Christian",SAN G,6,111,,,18.5,,single-source,wayback_bsnpr_root,https://web.archive.org/web/20010917100051id_/http://www.bsnpr.com:80/lideres2001.asp?grupo=BS21&serie=3,2026-09-08T14:05:45Z,2001-09-17
2001,anotaciones,per_game,Semi Final,8,"Travieso, Carmelo",BAYAM,6,107,,,17.8,,single-source,wayback_bsnpr_root,https://web.archive.org/web/20010917100051id_/http://www.bsnpr.com:80/lideres2001.asp?grupo=BS21&serie=3,2026-09-08T14:05:45Z,2001-09-17
2001,anotaciones,per_game,Semi Final,9,"Trimingham, Leon",SANTU,7,105,,,15.0,,single-source,wayback_bsnpr_root,https://web.archive.org/web/20010917100051id_/http://www.bsnpr.com:80/lideres2001.asp?grupo=BS21&serie=3,2026-09-08T14:05:45Z,2001-09-17
2001,anotaciones,per_game,Semi Final,10,"Fajardo, Shariff",SAN G,6,101,,,16.8,,single-source,wayback_bsnpr_root,https://web.archive.org/web/20010917100051id_/http://www.bsnpr.com:80/lideres2001.asp?grupo=BS21&serie=3,2026-09-08T14:05:45Z,2001-09-17
2001,anotaciones,per_game,Serie Final,1,"Trimingham, Leon",SANTU,4,71,,,17.8,,single-source,wayback_bsnpr_root,https://web.archive.org/web/20031020102143id_/http://www.bsnpr.com:80/lideres2001.asp?grupo=BS21&serie=4,2026-09-08T14:05:58Z,2003-10-20
2001,anotaciones,per_game,Serie Final,2,"Arroyo, Carlos",SANTU,4,68,,,17.0,,single-source,wayback_bsnpr_root,https://web.archive.org/web/20031020102143id_/http://www.bsnpr.com:80/lideres2001.asp?grupo=BS21&serie=4,2026-09-08T14:05:58Z,2003-10-20
2001,anotaciones,per_game,Serie Final,3,"Travieso, Carmelo",BAYAM,4,66,,,16.5,,single-source,wayback_bsnpr_root,https://web.archive.org/web/20031020102143id_/http://www.bsnpr.com:80/lideres2001.asp?grupo=BS21&serie=4,2026-09-08T14:05:58Z,2003-10-20
2001,anotaciones,per_game,Serie Final,4,"Ortiz, Jose",SANTU,4,59,,,14.8,,single-source,wayback_bsnpr_root,https://web.archive.org/web/20031020102143id_/http://www.bsnpr.com:80/lideres2001.asp?grupo=BS21&serie=4,2026-09-08T14:05:58Z,2003-10-20
2001,anotaciones,per_game,Serie Final,5,"Payano, Carlos",BAYAM,4,57,,,14.3,,single-source,wayback_bsnpr_root,https://web.archive.org/web/20031020102143id_/http://www.bsnpr.com:80/lideres2001.asp?grupo=BS21&serie=4,2026-09-08T14:05:58Z,2003-10-20
2001,anotaciones,per_game,Serie Final,6,"Santiago, Orlando",SANTU,4,56,,,14.0,,single-source,wayback_bsnpr_root,https://web.archive.org/web/20031020102143id_/http://www.bsnpr.com:80/lideres2001.asp?grupo=BS21&serie=4,2026-09-08T14:05:58Z,2003-10-20
2001,anotaciones,per_game,Serie Final,7,"Mincy, Jerome",BAYAM,4,55,,,13.8,,single-source,wayback_bsnpr_root,https://web.archive.org/web/20031020102143id_/http://www.bsnpr.com:80/lideres2001.asp?grupo=BS21&serie=4,2026-09-08T14:05:58Z,2003-10-20
2001,anotaciones,per_game,Serie Final,8,"Santiago, Daniel",BAYAM,4,55,,,13.8,,single-source,wayback_bsnpr_root,https://web.archive.org/web/20031020102143id_/http://www.bsnpr.com:80/lideres2001.asp?grupo=BS21&serie=4,2026-09-08T14:05:58Z,2003-10-20
2001,anotaciones,per_game,Serie Final,9,"Padilla, Edgar",BAYAM,4,45,,,11.3,,single-source,wayback_bsnpr_root,https://web.archive.org/web/20031020102143id_/http://www.bsnpr.com:80/lideres2001.asp?grupo=BS21&serie=4,2026-09-08T14:05:58Z,2003-10-20
2001,anotaciones,per_game,Serie Final,10,"Benson, Mark",SANTU,4,44,,,11.0,,single-source,wayback_bsnpr_root,https://web.archive.org/web/20031020102143id_/http://www.bsnpr.com:80/lideres2001.asp?grupo=BS21&serie=4,2026-09-08T14:05:58Z,2003-10-20
2001,anotaciones,per_game,Serie Regular,1,"Ayuso, Larry",SAN G,26,580,,,22.3,,single-source,wayback_bsnpr_root,https://web.archive.org/web/20010708042029id_/http://www.bsnpr.com:80/lideres2001.asp?grupo=BS21&serie=1,2026-09-08T14:05:39Z,2001-07-08
2001,anotaciones,per_game,Serie Regular,2,"Wilson, Monti",AIBON,25,579,,,23.2,,single-source,wayback_bsnpr_root,https://web.archive.org/web/20010708042029id_/http://www.bsnpr.com:80/lideres2001.asp?grupo=BS21&serie=1,2026-09-08T14:05:39Z,2001-07-08
2001,anotaciones,per_game,Serie Regular,3,"Farmer, Tony",CAGUA,26,578,,,22.2,,single-source,wayback_bsnpr_root,https://web.archive.org/web/20010708042029id_/http://www.bsnpr.com:80/lideres2001.asp?grupo=BS21&serie=1,2026-09-08T14:05:39Z,2001-07-08
2001,anotaciones,per_game,Serie Regular,4,"Simpson, Carl",CAROL,25,564,,,22.6,,single-source,wayback_bsnpr_root,https://web.archive.org/web/20010708042029id_/http://www.bsnpr.com:80/lideres2001.asp?grupo=BS21&serie=1,2026-09-08T14:05:39Z,2001-07-08
2001,anotaciones,per_game,Serie Regular,5,"Western, Franklyn",BAYAM,24,526,,,21.9,,single-source,wayback_bsnpr_root,https://web.archive.org/web/20010708042029id_/http://www.bsnpr.com:80/lideres2001.asp?grupo=BS21&serie=1,2026-09-08T14:05:39Z,2001-07-08
2001,anotaciones,per_game,Serie Regular,6,"Davis, Nick",MOROV,22,520,,,23.6,,single-source,wayback_bsnpr_root,https://web.archive.org/web/20010708042029id_/http://www.bsnpr.com:80/lideres2001.asp?grupo=BS21&serie=1,2026-09-08T14:05:39Z,2001-07-08
2001,anotaciones,per_game,Serie Regular,7,"Nolan, Norman",MAYAG,19,519,,,27.3,,single-source,wayback_bsnpr_root,https://web.archive.org/web/20010708042029id_/http://www.bsnpr.com:80/lideres2001.asp?grupo=BS21&serie=1,2026-09-08T14:05:39Z,2001-07-08
2001,anotaciones,per_game,Serie Regular,8,"Dalmau, Christian",SAN G,25,508,,,20.3,,single-source,wayback_bsnpr_root,https://web.archive.org/web/20010708042029id_/http://www.bsnpr.com:80/lideres2001.asp?grupo=BS21&serie=1,2026-09-08T14:05:39Z,2001-07-08
2001,anotaciones,per_game,Serie Regular,9,"Leeks, Kenny",ISABE,24,507,,,21.1,,single-source,wayback_bsnpr_root,https://web.archive.org/web/20010708042029id_/http://www.bsnpr.com:80/lideres2001.asp?grupo=BS21&serie=1,2026-09-08T14:05:39Z,2001-07-08
2001,anotaciones,per_game,Serie Regular,10,"Carter, James",MAYAG,25,494,,,19.8,,single-source,wayback_bsnpr_root,https://web.archive.org/web/20010708042029id_/http://www.bsnpr.com:80/lideres2001.asp?grupo=BS21&serie=1,2026-09-08T14:05:39Z,2001-07-08
2001,asistencias,per_game,Semi Final,1,"Arroyo, Carlos",SANTU,7,40,,,5.7,,single-source,wayback_bsnpr_root,https://web.archive.org/web/20010917100051id_/http://www.bsnpr.com:80/lideres2001.asp?grupo=BS21&serie=3,2026-09-08T14:05:45Z,2001-09-17
2001,asistencias,per_game,Semi Final,2,"Padilla, Edgar",BAYAM,6,38,,,6.3,,single-source,wayback_bsnpr_root,https://web.archive.org/web/20010917100051id_/http://www.bsnpr.com:80/lideres2001.asp?grupo=BS21&serie=3,2026-09-08T14:05:45Z,2001-09-17
2001,asistencias,per_game,Semi Final,3,"Santiago, Orlando",SANTU,7,35,,,5.0,,single-source,wayback_bsnpr_root,https://web.archive.org/web/20010917100051id_/http://www.bsnpr.com:80/lideres2001.asp?grupo=BS21&serie=3,2026-09-08T14:05:45Z,2001-09-17
2001,asistencias,per_game,Semi Final,4,"Colon, Javier",PONCE,7,34,,,4.9,,single-source,wayback_bsnpr_root,https://web.archive.org/web/20010917100051id_/http://www.bsnpr.com:80/lideres2001.asp?grupo=BS21&serie=3,2026-09-08T14:05:45Z,2001-09-17
2001,asistencias,per_game,Semi Final,5,"Ortiz, Jose",SANTU,7,28,,,4.0,,single-source,wayback_bsnpr_root,https://web.archive.org/web/20010917100051id_/http://www.bsnpr.com:80/lideres2001.asp?grupo=BS21&serie=3,2026-09-08T14:05:45Z,2001-09-17
2001,asistencias,per_game,Semi Final,6,"Casiano, Eddie",PONCE,7,20,,,2.9,,single-source,wayback_bsnpr_root,https://web.archive.org/web/20010917100051id_/http://www.bsnpr.com:80/lideres2001.asp?grupo=BS21&serie=3,2026-09-08T14:05:45Z,2001-09-17
2001,asistencias,per_game,Semi Final,7,"Hatton, Bobby",PONCE,7,17,,,2.4,,single-source,wayback_bsnpr_root,https://web.archive.org/web/20010917100051id_/http://www.bsnpr.com:80/lideres2001.asp?grupo=BS21&serie=3,2026-09-08T14:05:45Z,2001-09-17
2001,asistencias,per_game,Semi Final,8,"Western, Franklyn",BAYAM,6,17,,,2.8,,single-source,wayback_bsnpr_root,https://web.archive.org/web/20010917100051id_/http://www.bsnpr.com:80/lideres2001.asp?grupo=BS21&serie=3,2026-09-08T14:05:45Z,2001-09-17
2001,asistencias,per_game,Semi Final,9,"Dalmau, Christian",SAN G,6,15,,,2.5,,single-source,wayback_bsnpr_root,https://web.archive.org/web/20010917100051id_/http://www.bsnpr.com:80/lideres2001.asp?grupo=BS21&serie=3,2026-09-08T14:05:45Z,2001-09-17
2001,asistencias,per_game,Semi Final,10,"Ayuso, Larry",SAN G,6,14,,,2.3,,single-source,wayback_bsnpr_root,https://web.archive.org/web/20010917100051id_/http://www.bsnpr.com:80/lideres2001.asp?grupo=BS21&serie=3,2026-09-08T14:05:45Z,2001-09-17
2001,asistencias,per_game,Serie Final,1,"Arroyo, Carlos",SANTU,4,27,,,6.8,,single-source,wayback_bsnpr_root,https://web.archive.org/web/20031020102143id_/http://www.bsnpr.com:80/lideres2001.asp?grupo=BS21&serie=4,2026-09-08T14:05:58Z,2003-10-20
2001,asistencias,per_game,Serie Final,2,"Santiago, Orlando",SANTU,4,18,,,4.5,,single-source,wayback_bsnpr_root,https://web.archive.org/web/20031020102143id_/http://www.bsnpr.com:80/lideres2001.asp?grupo=BS21&serie=4,2026-09-08T14:05:58Z,2003-10-20
2001,asistencias,per_game,Serie Final,3,"Padilla, Edgar",BAYAM,4,16,,,4.0,,single-source,wayback_bsnpr_root,https://web.archive.org/web/20031020102143id_/http://www.bsnpr.com:80/lideres2001.asp?grupo=BS21&serie=4,2026-09-08T14:05:58Z,2003-10-20
2001,asistencias,per_game,Serie Final,4,"Hourruitiner, Rolando",SANTU,4,9,,,2.3,,single-source,wayback_bsnpr_root,https://web.archive.org/web/20031020102143id_/http://www.bsnpr.com:80/lideres2001.asp?grupo=BS21&serie=4,2026-09-08T14:05:58Z,2003-10-20
2001,asistencias,per_game,Serie Final,5,"Travieso, Carmelo",BAYAM,4,8,,,2.0,,single-source,wayback_bsnpr_root,https://web.archive.org/web/20031020102143id_/http://www.bsnpr.com:80/lideres2001.asp?grupo=BS21&serie=4,2026-09-08T14:05:58Z,2003-10-20
2001,asistencias,per_game,Serie Final,6,"Ortiz, Jose",SANTU,4,7,,,1.8,,single-source,wayback_bsnpr_root,https://web.archive.org/web/20031020102143id_/http://www.bsnpr.com:80/lideres2001.asp?grupo=BS21&serie=4,2026-09-08T14:05:58Z,2003-10-20
2001,asistencias,per_game,Serie Final,7,"Santiago, Eddin",BAYAM,1,6,,,6.0,,single-source,wayback_bsnpr_root,https://web.archive.org/web/20031020102143id_/http://www.bsnpr.com:80/lideres2001.asp?grupo=BS21&serie=4,2026-09-08T14:05:58Z,2003-10-20
2001,asistencias,per_game,Serie Final,8,"Trimingham, Leon",SANTU,4,6,,,1.5,,single-source,wayback_bsnpr_root,https://web.archive.org/web/20031020102143id_/http://www.bsnpr.com:80/lideres2001.asp?grupo=BS21&serie=4,2026-09-08T14:05:58Z,2003-10-20
2001,asistencias,per_game,Serie Final,9,"Benson, Mark",SANTU,4,5,,,1.3,,single-source,wayback_bsnpr_root,https://web.archive.org/web/20031020102143id_/http://www.bsnpr.com:80/lideres2001.asp?grupo=BS21&serie=4,2026-09-08T14:05:58Z,2003-10-20
2001,asistencias,per_game,Serie Final,10,"Santiago, Daniel",BAYAM,4,5,,,1.3,,single-source,wayback_bsnpr_root,https://web.archive.org/web/20031020102143id_/http://www.bsnpr.com:80/lideres2001.asp?grupo=BS21&serie=4,2026-09-08T14:05:58Z,2003-10-20
2001,asistencias,per_game,Serie Regular,1,"Dalmau, Christian",SAN G,25,199,,,8.0,,single-source,wayback_bsnpr_root,https://web.archive.org/web/20010708042029id_/http://www.bsnpr.com:80/lideres2001.asp?grupo=BS21&serie=1,2026-09-08T14:05:39Z,2001-07-08
2001,asistencias,per_game,Serie Regular,2,"Dalmau, Raymond",QUEBR,21,176,,,8.4,,single-source,wayback_bsnpr_root,https://web.archive.org/web/20010708042029id_/http://www.bsnpr.com:80/lideres2001.asp?grupo=BS21&serie=1,2026-09-08T14:05:39Z,2001-07-08
2001,asistencias,per_game,Serie Regular,3,"Lopez, Michael",AIBON,23,165,,,7.2,,single-source,wayback_bsnpr_root,https://web.archive.org/web/20010708042029id_/http://www.bsnpr.com:80/lideres2001.asp?grupo=BS21&serie=1,2026-09-08T14:05:39Z,2001-07-08
2001,asistencias,per_game,Serie Regular,4,"Santiago, Orlando",SANTU,23,161,,,7.0,,single-source,wayback_bsnpr_root,https://web.archive.org/web/20010708042029id_/http://www.bsnpr.com:80/lideres2001.asp?grupo=BS21&serie=1,2026-09-08T14:05:39Z,2001-07-08
2001,asistencias,per_game,Serie Regular,5,"Davila, Miguel",CAGUA,26,155,,,6.0,,single-source,wayback_bsnpr_root,https://web.archive.org/web/20010708042029id_/http://www.bsnpr.com:80/lideres2001.asp?grupo=BS21&serie=1,2026-09-08T14:05:39Z,2001-07-08
2001,asistencias,per_game,Serie Regular,6,"Padilla, Edgar",BAYAM,26,152,,,5.8,,single-source,wayback_bsnpr_root,https://web.archive.org/web/20010708042029id_/http://www.bsnpr.com:80/lideres2001.asp?grupo=BS21&serie=1,2026-09-08T14:05:39Z,2001-07-08
2001,asistencias,per_game,Serie Regular,7,"Carter, James",MAYAG,25,135,,,5.4,,single-source,wayback_bsnpr_root,https://web.archive.org/web/20010708042029id_/http://www.bsnpr.com:80/lideres2001.asp?grupo=BS21&serie=1,2026-09-08T14:05:39Z,2001-07-08
2001,asistencias,per_game,Serie Regular,8,"Colon, Javier",PONCE,24,132,,,5.5,,single-source,wayback_bsnpr_root,https://web.archive.org/web/20010708042029id_/http://www.bsnpr.com:80/lideres2001.asp?grupo=BS21&serie=1,2026-09-08T14:05:39Z,2001-07-08
2001,asistencias,per_game,Serie Regular,9,"Pagan, Wilfredo",MOROV,22,130,,,5.9,,single-source,wayback_bsnpr_root,https://web.archive.org/web/20010708042029id_/http://www.bsnpr.com:80/lideres2001.asp?grupo=BS21&serie=1,2026-09-08T14:05:39Z,2001-07-08
2001,asistencias,per_game,Serie Regular,10,"Rivera, Eddie",ISABE,24,100,,,4.2,,single-source,wayback_bsnpr_root,https://web.archive.org/web/20010708042029id_/http://www.bsnpr.com:80/lideres2001.asp?grupo=BS21&serie=1,2026-09-08T14:05:39Z,2001-07-08
2001,bloqueos,per_game,Semi Final,1,"Richard, Jaja",BAYAM,6,13,,,2.2,,single-source,wayback_bsnpr_root,https://web.archive.org/web/20010917100051id_/http://www.bsnpr.com:80/lideres2001.asp?grupo=BS21&serie=3,2026-09-08T14:05:45Z,2001-09-17
2001,bloqueos,per_game,Semi Final,2,"Ortiz, Jose",SANTU,7,10,,,1.4,,single-source,wayback_bsnpr_root,https://web.archive.org/web/20010917100051id_/http://www.bsnpr.com:80/lideres2001.asp?grupo=BS21&serie=3,2026-09-08T14:05:45Z,2001-09-17
2001,bloqueos,per_game,Semi Final,3,"Mackey, Malcom",SAN G,6,9,,,1.5,,single-source,wayback_bsnpr_root,https://web.archive.org/web/20010917100051id_/http://www.bsnpr.com:80/lideres2001.asp?grupo=BS21&serie=3,2026-09-08T14:05:45Z,2001-09-17
2001,bloqueos,per_game,Semi Final,4,"Santiago, Daniel",BAYAM,6,8,,,1.3,,single-source,wayback_bsnpr_root,https://web.archive.org/web/20010917100051id_/http://www.bsnpr.com:80/lideres2001.asp?grupo=BS21&serie=3,2026-09-08T14:05:45Z,2001-09-17
2001,bloqueos,per_game,Semi Final,5,"Aubry, Jeff",SANTU,6,5,,,0.8,,single-source,wayback_bsnpr_root,https://web.archive.org/web/20010917100051id_/http://www.bsnpr.com:80/lideres2001.asp?grupo=BS21&serie=3,2026-09-08T14:05:45Z,2001-09-17
2001,bloqueos,per_game,Semi Final,6,"Elisma, Eddie",PONCE,2,4,,,2.0,,single-source,wayback_bsnpr_root,https://web.archive.org/web/20010917100051id_/http://www.bsnpr.com:80/lideres2001.asp?grupo=BS21&serie=3,2026-09-08T14:05:45Z,2001-09-17
2001,bloqueos,per_game,Semi Final,7,"Ricardo, Osiris",PONCE,7,4,,,0.6,,single-source,wayback_bsnpr_root,https://web.archive.org/web/20010917100051id_/http://www.bsnpr.com:80/lideres2001.asp?grupo=BS21&serie=3,2026-09-08T14:05:45Z,2001-09-17
2001,bloqueos,per_game,Semi Final,8,"Trimingham, Leon",SANTU,7,3,,,0.4,,single-source,wayback_bsnpr_root,https://web.archive.org/web/20010917100051id_/http://www.bsnpr.com:80/lideres2001.asp?grupo=BS21&serie=3,2026-09-08T14:05:45Z,2001-09-17
2001,bloqueos,per_game,Semi Final,9,"Colon, Javier",PONCE,7,2,,,0.3,,single-source,wayback_bsnpr_root,https://web.archive.org/web/20010917100051id_/http://www.bsnpr.com:80/lideres2001.asp?grupo=BS21&serie=3,2026-09-08T14:05:45Z,2001-09-17
2001,bloqueos,per_game,Semi Final,10,"Travieso, Carmelo",BAYAM,6,2,,,0.3,,single-source,wayback_bsnpr_root,https://web.archive.org/web/20010917100051id_/http://www.bsnpr.com:80/lideres2001.asp?grupo=BS21&serie=3,2026-09-08T14:05:45Z,2001-09-17
2001,bloqueos,per_game,Serie Final,1,"Ortiz, Jose",SANTU,4,7,,,1.8,,single-source,wayback_bsnpr_root,https://web.archive.org/web/20031020102143id_/http://www.bsnpr.com:80/lideres2001.asp?grupo=BS21&serie=4,2026-09-08T14:05:58Z,2003-10-20
2001,bloqueos,per_game,Serie Final,2,"Richard, Jaja",BAYAM,4,7,,,1.8,,single-source,wayback_bsnpr_root,https://web.archive.org/web/20031020102143id_/http://www.bsnpr.com:80/lideres2001.asp?grupo=BS21&serie=4,2026-09-08T14:05:58Z,2003-10-20
2001,bloqueos,per_game,Serie Final,3,"Payano, Carlos",BAYAM,4,4,,,1.0,,single-source,wayback_bsnpr_root,https://web.archive.org/web/20031020102143id_/http://www.bsnpr.com:80/lideres2001.asp?grupo=BS21&serie=4,2026-09-08T14:05:58Z,2003-10-20
2001,bloqueos,per_game,Serie Final,4,"Trimingham, Leon",SANTU,4,4,,,1.0,,single-source,wayback_bsnpr_root,https://web.archive.org/web/20031020102143id_/http://www.bsnpr.com:80/lideres2001.asp?grupo=BS21&serie=4,2026-09-08T14:05:58Z,2003-10-20
2001,bloqueos,per_game,Serie Final,5,"Benson, Mark",SANTU,4,3,,,0.8,,single-source,wayback_bsnpr_root,https://web.archive.org/web/20031020102143id_/http://www.bsnpr.com:80/lideres2001.asp?grupo=BS21&serie=4,2026-09-08T14:05:58Z,2003-10-20
2001,bloqueos,per_game,Serie Final,6,"Santiago, Daniel",BAYAM,4,3,,,0.8,,single-source,wayback_bsnpr_root,https://web.archive.org/web/20031020102143id_/http://www.bsnpr.com:80/lideres2001.asp?grupo=BS21&serie=4,2026-09-08T14:05:58Z,2003-10-20
2001,bloqueos,per_game,Serie Final,7,"Arroyo, Carlos",SANTU,4,2,,,0.5,,single-source,wayback_bsnpr_root,https://web.archive.org/web/20031020102143id_/http://www.bsnpr.com:80/lideres2001.asp?grupo=BS21&serie=4,2026-09-08T14:05:58Z,2003-10-20
2001,bloqueos,per_game,Serie Final,8,"Padilla, Edgar",BAYAM,4,2,,,0.5,,single-source,wayback_bsnpr_root,https://web.archive.org/web/20031020102143id_/http://www.bsnpr.com:80/lideres2001.asp?grupo=BS21&serie=4,2026-09-08T14:05:58Z,2003-10-20
2001,bloqueos,per_game,Serie Final,9,"Santiago, Orlando",SANTU,4,2,,,0.5,,single-source,wayback_bsnpr_root,https://web.archive.org/web/20031020102143id_/http://www.bsnpr.com:80/lideres2001.asp?grupo=BS21&serie=4,2026-09-08T14:05:58Z,2003-10-20
2001,bloqueos,per_game,Serie Final,10,"Aubry, Jeff",SANTU,4,1,,,0.3,,single-source,wayback_bsnpr_root,https://web.archive.org/web/20031020102143id_/http://www.bsnpr.com:80/lideres2001.asp?grupo=BS21&serie=4,2026-09-08T14:05:58Z,2003-10-20
2001,bloqueos,per_game,Serie Regular,1,"Davis, Nick",MOROV,22,57,,,2.6,,single-source,wayback_bsnpr_root,https://web.archive.org/web/20010708042029id_/http://www.bsnpr.com:80/lideres2001.asp?grupo=BS21&serie=1,2026-09-08T14:05:39Z,2001-07-08
2001,bloqueos,per_game,Serie Regular,2,"Richard, Jaja",BAYAM,26,55,,,2.1,,single-source,wayback_bsnpr_root,https://web.archive.org/web/20010708042029id_/http://www.bsnpr.com:80/lideres2001.asp?grupo=BS21&serie=1,2026-09-08T14:05:39Z,2001-07-08
2001,bloqueos,per_game,Serie Regular,3,"Carrasquillo, Antonio",CAGUA,25,46,,,1.8,,single-source,wayback_bsnpr_root,https://web.archive.org/web/20010708042029id_/http://www.bsnpr.com:80/lideres2001.asp?grupo=BS21&serie=1,2026-09-08T14:05:39Z,2001-07-08
2001,bloqueos,per_game,Serie Regular,4,"Ortiz, Jose",SANTU,22,44,,,2.0,,single-source,wayback_bsnpr_root,https://web.archive.org/web/20010708042029id_/http://www.bsnpr.com:80/lideres2001.asp?grupo=BS21&serie=1,2026-09-08T14:05:39Z,2001-07-08
2001,bloqueos,per_game,Serie Regular,5,"White, Joe",CAROL,25,36,,,1.4,,single-source,wayback_bsnpr_root,https://web.archive.org/web/20010708042029id_/http://www.bsnpr.com:80/lideres2001.asp?grupo=BS21&serie=1,2026-09-08T14:05:39Z,2001-07-08
2001,bloqueos,per_game,Serie Regular,6,"Leeks, Kenny",ISABE,24,35,,,1.5,,single-source,wayback_bsnpr_root,https://web.archive.org/web/20010708042029id_/http://www.bsnpr.com:80/lideres2001.asp?grupo=BS21&serie=1,2026-09-08T14:05:39Z,2001-07-08
2001,bloqueos,per_game,Serie Regular,7,"Melendez, Orlando",AIBON,25,35,,,1.4,,single-source,wayback_bsnpr_root,https://web.archive.org/web/20010708042029id_/http://www.bsnpr.com:80/lideres2001.asp?grupo=BS21&serie=1,2026-09-08T14:05:39Z,2001-07-08
2001,bloqueos,per_game,Serie Regular,8,"King, Kirk",QUEBR,25,31,,,1.2,,single-source,wayback_bsnpr_root,https://web.archive.org/web/20010708042029id_/http://www.bsnpr.com:80/lideres2001.asp?grupo=BS21&serie=1,2026-09-08T14:05:39Z,2001-07-08
2001,bloqueos,per_game,Serie Regular,9,"Wilson, Monti",AIBON,25,28,,,1.1,,single-source,wayback_bsnpr_root,https://web.archive.org/web/20010708042029id_/http://www.bsnpr.com:80/lideres2001.asp?grupo=BS21&serie=1,2026-09-08T14:05:39Z,2001-07-08
2001,bloqueos,per_game,Serie Regular,10,"Perez, Felix",QUEBR,22,27,,,1.2,,single-source,wayback_bsnpr_root,https://web.archive.org/web/20010708042029id_/http://www.bsnpr.com:80/lideres2001.asp?grupo=BS21&serie=1,2026-09-08T14:05:39Z,2001-07-08
2001,canastos_3,per_game,Semi Final,1,"Santiago, Orlando",SANTU,7,28,,,4.0,,single-source,wayback_bsnpr_root,https://web.archive.org/web/20010917100051id_/http://www.bsnpr.com:80/lideres2001.asp?grupo=BS21&serie=3,2026-09-08T14:05:45Z,2001-09-17
2001,canastos_3,per_game,Semi Final,2,"Casiano, Eddie",PONCE,7,25,,,3.6,,single-source,wayback_bsnpr_root,https://web.archive.org/web/20010917100051id_/http://www.bsnpr.com:80/lideres2001.asp?grupo=BS21&serie=3,2026-09-08T14:05:45Z,2001-09-17
2001,canastos_3,per_game,Semi Final,3,"Colon, Javier",PONCE,7,21,,,3.0,,single-source,wayback_bsnpr_root,https://web.archive.org/web/20010917100051id_/http://www.bsnpr.com:80/lideres2001.asp?grupo=BS21&serie=3,2026-09-08T14:05:45Z,2001-09-17
2001,canastos_3,per_game,Semi Final,4,"Ayuso, Larry",SAN G,6,20,,,3.3,,single-source,wayback_bsnpr_root,https://web.archive.org/web/20010917100051id_/http://www.bsnpr.com:80/lideres2001.asp?grupo=BS21&serie=3,2026-09-08T14:05:45Z,2001-09-17
2001,canastos_3,per_game,Semi Final,5,"Travieso, Carmelo",BAYAM,6,17,,,2.8,,single-source,wayback_bsnpr_root,https://web.archive.org/web/20010917100051id_/http://www.bsnpr.com:80/lideres2001.asp?grupo=BS21&serie=3,2026-09-08T14:05:45Z,2001-09-17
2001,canastos_3,per_game,Semi Final,6,"Benson, Mark",SANTU,7,11,,,1.6,,single-source,wayback_bsnpr_root,https://web.archive.org/web/20010917100051id_/http://www.bsnpr.com:80/lideres2001.asp?grupo=BS21&serie=3,2026-09-08T14:05:45Z,2001-09-17
2001,canastos_3,per_game,Semi Final,7,"Arroyo, Carlos",SANTU,7,9,,,1.3,,single-source,wayback_bsnpr_root,https://web.archive.org/web/20010917100051id_/http://www.bsnpr.com:80/lideres2001.asp?grupo=BS21&serie=3,2026-09-08T14:05:45Z,2001-09-17
2001,canastos_3,per_game,Semi Final,8,"Dalmau, Christian",SAN G,6,8,,,1.3,,single-source,wayback_bsnpr_root,https://web.archive.org/web/20010917100051id_/http://www.bsnpr.com:80/lideres2001.asp?grupo=BS21&serie=3,2026-09-08T14:05:45Z,2001-09-17
2001,canastos_3,per_game,Semi Final,9,"Fajardo, Shariff",SAN G,6,7,,,1.2,,single-source,wayback_bsnpr_root,https://web.archive.org/web/20010917100051id_/http://www.bsnpr.com:80/lideres2001.asp?grupo=BS21&serie=3,2026-09-08T14:05:45Z,2001-09-17
2001,canastos_3,per_game,Semi Final,10,"Caanen, Wilhelmus",SAN G,6,5,,,0.8,,single-source,wayback_bsnpr_root,https://web.archive.org/web/20010917100051id_/http://www.bsnpr.com:80/lideres2001.asp?grupo=BS21&serie=3,2026-09-08T14:05:45Z,2001-09-17
2001,canastos_3,per_game,Serie Final,1,"Travieso, Carmelo",BAYAM,4,12,,,3.0,,single-source,wayback_bsnpr_root,https://web.archive.org/web/20031020102143id_/http://www.bsnpr.com:80/lideres2001.asp?grupo=BS21&serie=4,2026-09-08T14:05:58Z,2003-10-20
2001,canastos_3,per_game,Serie Final,2,"Benson, Mark",SANTU,4,9,,,2.3,,single-source,wayback_bsnpr_root,https://web.archive.org/web/20031020102143id_/http://www.bsnpr.com:80/lideres2001.asp?grupo=BS21&serie=4,2026-09-08T14:05:58Z,2003-10-20
2001,canastos_3,per_game,Serie Final,3,"Payano, Carlos",BAYAM,4,9,,,2.3,,single-source,wayback_bsnpr_root,https://web.archive.org/web/20031020102143id_/http://www.bsnpr.com:80/lideres2001.asp?grupo=BS21&serie=4,2026-09-08T14:05:58Z,2003-10-20
2001,canastos_3,per_game,Serie Final,4,"Santiago, Orlando",SANTU,4,8,,,2.0,,single-source,wayback_bsnpr_root,https://web.archive.org/web/20031020102143id_/http://www.bsnpr.com:80/lideres2001.asp?grupo=BS21&serie=4,2026-09-08T14:05:58Z,2003-10-20
2001,canastos_3,per_game,Serie Final,5,"Arroyo, Carlos",SANTU,4,5,,,1.3,,single-source,wayback_bsnpr_root,https://web.archive.org/web/20031020102143id_/http://www.bsnpr.com:80/lideres2001.asp?grupo=BS21&serie=4,2026-09-08T14:05:58Z,2003-10-20
2001,canastos_3,per_game,Serie Final,6,"Mincy, Jerome",BAYAM,4,4,,,1.0,,single-source,wayback_bsnpr_root,https://web.archive.org/web/20031020102143id_/http://www.bsnpr.com:80/lideres2001.asp?grupo=BS21&serie=4,2026-09-08T14:05:58Z,2003-10-20
2001,canastos_3,per_game,Serie Final,7,"Santiago, Edwin",SANTU,4,3,,,0.8,,single-source,wayback_bsnpr_root,https://web.archive.org/web/20031020102143id_/http://www.bsnpr.com:80/lideres2001.asp?grupo=BS21&serie=4,2026-09-08T14:05:58Z,2003-10-20
2001,canastos_3,per_game,Serie Regular,1,"Travieso, Carmelo",BAYAM,26,1,,,3.9,value_maybe_clipped,single-source,wayback_bsnpr_root,https://web.archive.org/web/20010708042029id_/http://www.bsnpr.com:80/lideres2001.asp?grupo=BS21&serie=1,2026-09-08T14:05:39Z,2001-07-08
2001,canastos_3,per_game,Serie Regular,2,"Ayuso, Larry",SAN G,26,90,,,3.5,,single-source,wayback_bsnpr_root,https://web.archive.org/web/20010708042029id_/http://www.bsnpr.com:80/lideres2001.asp?grupo=BS21&serie=1,2026-09-08T14:05:39Z,2001-07-08
2001,canastos_3,per_game,Serie Regular,3,"Farmer, Tony",CAGUA,26,83,,,3.2,,single-source,wayback_bsnpr_root,https://web.archive.org/web/20010708042029id_/http://www.bsnpr.com:80/lideres2001.asp?grupo=BS21&serie=1,2026-09-08T14:05:39Z,2001-07-08
2001,canastos_3,per_game,Serie Regular,4,"Nieves, Ivan",CAROL,25,81,,,3.2,,single-source,wayback_bsnpr_root,https://web.archive.org/web/20010708042029id_/http://www.bsnpr.com:80/lideres2001.asp?grupo=BS21&serie=1,2026-09-08T14:05:39Z,2001-07-08
2001,canastos_3,per_game,Serie Regular,5,"Santiago, Orlando",SANTU,23,61,,,2.7,,single-source,wayback_bsnpr_root,https://web.archive.org/web/20010708042029id_/http://www.bsnpr.com:80/lideres2001.asp?grupo=BS21&serie=1,2026-09-08T14:05:39Z,2001-07-08
2001,canastos_3,per_game,Serie Regular,6,"Wilson, Monti",AIBON,25,59,,,2.4,,single-source,wayback_bsnpr_root,https://web.archive.org/web/20010708042029id_/http://www.bsnpr.com:80/lideres2001.asp?grupo=BS21&serie=1,2026-09-08T14:05:39Z,2001-07-08
2001,canastos_3,per_game,Serie Regular,7,"Nieves, Josue",CAGUA,26,57,,,2.2,,single-source,wayback_bsnpr_root,https://web.archive.org/web/20010708042029id_/http://www.bsnpr.com:80/lideres2001.asp?grupo=BS21&serie=1,2026-09-08T14:05:39Z,2001-07-08
2001,canastos_3,per_game,Serie Regular,8,"Allende, Luis",CAGUA,26,55,,,2.1,,single-source,wayback_bsnpr_root,https://web.archive.org/web/20010708042029id_/http://www.bsnpr.com:80/lideres2001.asp?grupo=BS21&serie=1,2026-09-08T14:05:39Z,2001-07-08
2001,canastos_3,per_game,Serie Regular,9,"Curbelo, Joel",QUEBR,21,52,,,2.5,,single-source,wayback_bsnpr_root,https://web.archive.org/web/20010708042029id_/http://www.bsnpr.com:80/lideres2001.asp?grupo=BS21&serie=1,2026-09-08T14:05:39Z,2001-07-08
2001,canastos_3,per_game,Serie Regular,10,"Dalmau, Christian",SAN G,25,51,,,2.0,,single-source,wayback_bsnpr_root,https://web.archive.org/web/20010708042029id_/http://www.bsnpr.com:80/lideres2001.asp?grupo=BS21&serie=1,2026-09-08T14:05:39Z,2001-07-08
2001,canastos_3_pct,percentage,Semi Final,1,"Caanen, Wilhelmus",SAN G,6,10,5,,50.0,,single-source,wayback_bsnpr_root,https://web.archive.org/web/20010917100051id_/http://www.bsnpr.com:80/lideres2001.asp?grupo=BS21&serie=3,2026-09-08T14:05:45Z,2001-09-17
2001,canastos_3_pct,percentage,Semi Final,2,"Colon, Javier",PONCE,7,45,21,,46.7,,single-source,wayback_bsnpr_root,https://web.archive.org/web/20010917100051id_/http://www.bsnpr.com:80/lideres2001.asp?grupo=BS21&serie=3,2026-09-08T14:05:45Z,2001-09-17
2001,canastos_3_pct,percentage,Semi Final,3,"Fajardo, Shariff",SAN G,6,15,7,,46.7,,single-source,wayback_bsnpr_root,https://web.archive.org/web/20010917100051id_/http://www.bsnpr.com:80/lideres2001.asp?grupo=BS21&serie=3,2026-09-08T14:05:45Z,2001-09-17
2001,canastos_3_pct,percentage,Semi Final,4,"Santiago, Orlando",SANTU,7,61,28,,45.9,,single-source,wayback_bsnpr_root,https://web.archive.org/web/20010917100051id_/http://www.bsnpr.com:80/lideres2001.asp?grupo=BS21&serie=3,2026-09-08T14:05:45Z,2001-09-17
2001,canastos_3_pct,percentage,Semi Final,5,"Ayuso, Larry",SAN G,6,49,20,,40.8,,single-source,wayback_bsnpr_root,https://web.archive.org/web/20010917100051id_/http://www.bsnpr.com:80/lideres2001.asp?grupo=BS21&serie=3,2026-09-08T14:05:45Z,2001-09-17
2001,canastos_3_pct,percentage,Semi Final,6,"Travieso, Carmelo",BAYAM,6,42,17,,40.5,,single-source,wayback_bsnpr_root,https://web.archive.org/web/20010917100051id_/http://www.bsnpr.com:80/lideres2001.asp?grupo=BS21&serie=3,2026-09-08T14:05:45Z,2001-09-17
2001,canastos_3_pct,percentage,Semi Final,7,"Casiano, Eddie",PONCE,7,63,25,,39.7,,single-source,wayback_bsnpr_root,https://web.archive.org/web/20010917100051id_/http://www.bsnpr.com:80/lideres2001.asp?grupo=BS21&serie=3,2026-09-08T14:05:45Z,2001-09-17
2001,canastos_3_pct,percentage,Semi Final,8,"Jackson, Leroy",SAN G,5,13,5,,38.5,,single-source,wayback_bsnpr_root,https://web.archive.org/web/20010917100051id_/http://www.bsnpr.com:80/lideres2001.asp?grupo=BS21&serie=3,2026-09-08T14:05:45Z,2001-09-17
2001,canastos_3_pct,percentage,Semi Final,9,"Benson, Mark",SANTU,7,29,11,,37.9,,single-source,wayback_bsnpr_root,https://web.archive.org/web/20010917100051id_/http://www.bsnpr.com:80/lideres2001.asp?grupo=BS21&serie=3,2026-09-08T14:05:45Z,2001-09-17
2001,canastos_3_pct,percentage,Semi Final,10,"Padilla, Edgar",BAYAM,6,11,4,,36.4,,single-source,wayback_bsnpr_root,https://web.archive.org/web/20010917100051id_/http://www.bsnpr.com:80/lideres2001.asp?grupo=BS21&serie=3,2026-09-08T14:05:45Z,2001-09-17
2001,canastos_3_pct,percentage,Serie Final,1,"Benson, Mark",SANTU,4,18,9,,50.0,,single-source,wayback_bsnpr_root,https://web.archive.org/web/20031020102143id_/http://www.bsnpr.com:80/lideres2001.asp?grupo=BS21&serie=4,2026-09-08T14:05:58Z,2003-10-20
2001,canastos_3_pct,percentage,Serie Final,2,"Payano, Carlos",BAYAM,4,20,9,,45.0,,single-source,wayback_bsnpr_root,https://web.archive.org/web/20031020102143id_/http://www.bsnpr.com:80/lideres2001.asp?grupo=BS21&serie=4,2026-09-08T14:05:58Z,2003-10-20
2001,canastos_3_pct,percentage,Serie Final,3,"Santiago, Edwin",SANTU,4,7,3,,42.9,,single-source,wayback_bsnpr_root,https://web.archive.org/web/20031020102143id_/http://www.bsnpr.com:80/lideres2001.asp?grupo=BS21&serie=4,2026-09-08T14:05:58Z,2003-10-20
2001,canastos_3_pct,percentage,Serie Final,4,"Travieso, Carmelo",BAYAM,4,32,12,,37.5,,single-source,wayback_bsnpr_root,https://web.archive.org/web/20031020102143id_/http://www.bsnpr.com:80/lideres2001.asp?grupo=BS21&serie=4,2026-09-08T14:05:58Z,2003-10-20
2001,canastos_3_pct,percentage,Serie Final,5,"Mincy, Jerome",BAYAM,4,14,4,,28.6,,single-source,wayback_bsnpr_root,https://web.archive.org/web/20031020102143id_/http://www.bsnpr.com:80/lideres2001.asp?grupo=BS21&serie=4,2026-09-08T14:05:58Z,2003-10-20
2001,canastos_3_pct,percentage,Serie Final,6,"Arroyo, Carlos",SANTU,4,18,5,,27.8,,single-source,wayback_bsnpr_root,https://web.archive.org/web/20031020102143id_/http://www.bsnpr.com:80/lideres2001.asp?grupo=BS21&serie=4,2026-09-08T14:05:58Z,2003-10-20
2001,canastos_3_pct,percentage,Serie Final,7,"Santiago, Orlando",SANTU,4,30,8,,26.7,,single-source,wayback_bsnpr_root,https://web.archive.org/web/20031020102143id_/http://www.bsnpr.com:80/lideres2001.asp?grupo=BS21&serie=4,2026-09-08T14:05:58Z,2003-10-20
2001,canastos_3_pct,percentage,Serie Final,8,"Padilla, Edgar",BAYAM,4,10,2,,20.0,,single-source,wayback_bsnpr_root,https://web.archive.org/web/20031020102143id_/http://www.bsnpr.com:80/lideres2001.asp?grupo=BS21&serie=4,2026-09-08T14:05:58Z,2003-10-20
2001,canastos_3_pct,percentage,Serie Final,9,"Ortiz, Jose",SANTU,4,5,0,,0.0,,single-source,wayback_bsnpr_root,https://web.archive.org/web/20031020102143id_/http://www.bsnpr.com:80/lideres2001.asp?grupo=BS21&serie=4,2026-09-08T14:05:58Z,2003-10-20
2001,canastos_3_pct,percentage,Serie Regular,1,"Benson, Mark",GUAYA,14,69,32,,46.4,,single-source,wayback_bsnpr_root,https://web.archive.org/web/20010708042029id_/http://www.bsnpr.com:80/lideres2001.asp?grupo=BS21&serie=1,2026-09-08T14:05:39Z,2001-07-08
2001,canastos_3_pct,percentage,Serie Regular,2,"Ayuso, Larry",SAN G,26,198,90,,45.5,,single-source,wayback_bsnpr_root,https://web.archive.org/web/20010708042029id_/http://www.bsnpr.com:80/lideres2001.asp?grupo=BS21&serie=1,2026-09-08T14:05:39Z,2001-07-08
2001,canastos_3_pct,percentage,Serie Regular,3,"Padilla, Edgar",BAYAM,26,56,25,,44.6,,single-source,wayback_bsnpr_root,https://web.archive.org/web/20010708042029id_/http://www.bsnpr.com:80/lideres2001.asp?grupo=BS21&serie=1,2026-09-08T14:05:39Z,2001-07-08
2001,canastos_3_pct,percentage,Serie Regular,4,"Miller, Ira",COAMO,24,102,43,,42.2,,single-source,wayback_bsnpr_root,https://web.archive.org/web/20010708042029id_/http://www.bsnpr.com:80/lideres2001.asp?grupo=BS21&serie=1,2026-09-08T14:05:39Z,2001-07-08
2001,canastos_3_pct,percentage,Serie Regular,5,"Travieso, Carmelo",BAYAM,26,246,101,,41.1,,single-source,wayback_bsnpr_root,https://web.archive.org/web/20010708042029id_/http://www.bsnpr.com:80/lideres2001.asp?grupo=BS21&serie=1,2026-09-08T14:05:39Z,2001-07-08
2001,canastos_3_pct,percentage,Serie Regular,6,"Houroutunier, Rolando",SANTU,23,61,25,,41.0,,single-source,wayback_bsnpr_root,https://web.archive.org/web/20010708042029id_/http://www.bsnpr.com:80/lideres2001.asp?grupo=BS21&serie=1,2026-09-08T14:05:39Z,2001-07-08
2001,canastos_3_pct,percentage,Serie Regular,7,"Colon, Javier",PONCE,24,106,43,,40.6,,single-source,wayback_bsnpr_root,https://web.archive.org/web/20010708042029id_/http://www.bsnpr.com:80/lideres2001.asp?grupo=BS21&serie=1,2026-09-08T14:05:39Z,2001-07-08
2001,canastos_3_pct,percentage,Serie Regular,8,"Arrufat, Eduardo",QUEBR,25,72,29,,40.3,,single-source,wayback_bsnpr_root,https://web.archive.org/web/20010708042029id_/http://www.bsnpr.com:80/lideres2001.asp?grupo=BS21&serie=1,2026-09-08T14:05:39Z,2001-07-08
2001,canastos_3_pct,percentage,Serie Regular,9,"Vega, Orlando",MAYAG,22,80,32,,40.0,,single-source,wayback_bsnpr_root,https://web.archive.org/web/20010708042029id_/http://www.bsnpr.com:80/lideres2001.asp?grupo=BS21&serie=1,2026-09-08T14:05:39Z,2001-07-08
2001,canastos_3_pct,percentage,Serie Regular,10,"Allende, Luis",CAGUA,26,139,55,,39.6,,single-source,wayback_bsnpr_root,https://web.archive.org/web/20010708042029id_/http://www.bsnpr.com:80/lideres2001.asp?grupo=BS21&serie=1,2026-09-08T14:05:39Z,2001-07-08
2001,rebotes,per_game,Semi Final,1,"Ricardo, Osiris",PONCE,7,57,25,82,11.7,,single-source,wayback_bsnpr_root,https://web.archive.org/web/20010917100051id_/http://www.bsnpr.com:80/lideres2001.asp?grupo=BS21&serie=3,2026-09-08T14:05:45Z,2001-09-17
2001,rebotes,per_game,Semi Final,2,"Ortiz, Jose",SANTU,7,61,14,75,10.7,,single-source,wayback_bsnpr_root,https://web.archive.org/web/20010917100051id_/http://www.bsnpr.com:80/lideres2001.asp?grupo=BS21&serie=3,2026-09-08T14:05:45Z,2001-09-17
2001,rebotes,per_game,Semi Final,3,"Fajardo, Shariff",SAN G,6,35,18,53,8.8,,single-source,wayback_bsnpr_root,https://web.archive.org/web/20010917100051id_/http://www.bsnpr.com:80/lideres2001.asp?grupo=BS21&serie=3,2026-09-08T14:05:45Z,2001-09-17
2001,rebotes,per_game,Semi Final,4,"Trimingham, Leon",SANTU,7,36,15,51,7.3,,single-source,wayback_bsnpr_root,https://web.archive.org/web/20010917100051id_/http://www.bsnpr.com:80/lideres2001.asp?grupo=BS21&serie=3,2026-09-08T14:05:45Z,2001-09-17
2001,rebotes,per_game,Semi Final,5,"Mackey, Malcom",SAN G,6,27,22,49,8.2,value_maybe_clipped,single-source,wayback_bsnpr_root,https://web.archive.org/web/20010917100051id_/http://www.bsnpr.com:80/lideres2001.asp?grupo=BS21&serie=3,2026-09-08T14:05:45Z,2001-09-17
2001,rebotes,per_game,Semi Final,6,"Haywood, Jamal",PONCE,5,26,17,43,8.6,,single-source,wayback_bsnpr_root,https://web.archive.org/web/20010917100051id_/http://www.bsnpr.com:80/lideres2001.asp?grupo=BS21&serie=3,2026-09-08T14:05:45Z,2001-09-17
2001,rebotes,per_game,Semi Final,7,"Western, Franklyn",BAYAM,6,23,20,43,7.2,value_maybe_clipped,single-source,wayback_bsnpr_root,https://web.archive.org/web/20010917100051id_/http://www.bsnpr.com:80/lideres2001.asp?grupo=BS21&serie=3,2026-09-08T14:05:45Z,2001-09-17
2001,rebotes,per_game,Semi Final,8,"Richard, Jaja",BAYAM,6,27,11,38,6.3,,single-source,wayback_bsnpr_root,https://web.archive.org/web/20010917100051id_/http://www.bsnpr.com:80/lideres2001.asp?grupo=BS21&serie=3,2026-09-08T14:05:45Z,2001-09-17
2001,rebotes,per_game,Semi Final,9,"Santiago, Daniel",BAYAM,6,24,11,35,5.8,,single-source,wayback_bsnpr_root,https://web.archive.org/web/20010917100051id_/http://www.bsnpr.com:80/lideres2001.asp?grupo=BS21&serie=3,2026-09-08T14:05:45Z,2001-09-17
2001,rebotes,per_game,Semi Final,10,"Mincy, Jerome",BAYAM,6,25,9,34,5.7,,single-source,wayback_bsnpr_root,https://web.archive.org/web/20010917100051id_/http://www.bsnpr.com:80/lideres2001.asp?grupo=BS21&serie=3,2026-09-08T14:05:45Z,2001-09-17
2001,rebotes,per_game,Serie Final,1,"Trimingham, Leon",SANTU,4,25,15,40,10.0,,single-source,wayback_bsnpr_root,https://web.archive.org/web/20031020102143id_/http://www.bsnpr.com:80/lideres2001.asp?grupo=BS21&serie=4,2026-09-08T14:05:58Z,2003-10-20
2001,rebotes,per_game,Serie Final,2,"Ortiz, Jose",SANTU,4,29,8,37,9.3,,single-source,wayback_bsnpr_root,https://web.archive.org/web/20031020102143id_/http://www.bsnpr.com:80/lideres2001.asp?grupo=BS21&serie=4,2026-09-08T14:05:58Z,2003-10-20
2001,rebotes,per_game,Serie Final,3,"Mincy, Jerome",BAYAM,4,24,11,35,8.8,,single-source,wayback_bsnpr_root,https://web.archive.org/web/20031020102143id_/http://www.bsnpr.com:80/lideres2001.asp?grupo=BS21&serie=4,2026-09-08T14:05:58Z,2003-10-20
2001,rebotes,per_game,Serie Final,4,"Santiago, Daniel",BAYAM,4,20,12,32,8.0,,single-source,wayback_bsnpr_root,https://web.archive.org/web/20031020102143id_/http://www.bsnpr.com:80/lideres2001.asp?grupo=BS21&serie=4,2026-09-08T14:05:58Z,2003-10-20
2001,rebotes,per_game,Serie Final,5,"Padilla, Edgar",BAYAM,4,18,7,25,6.3,,single-source,wayback_bsnpr_root,https://web.archive.org/web/20031020102143id_/http://www.bsnpr.com:80/lideres2001.asp?grupo=BS21&serie=4,2026-09-08T14:05:58Z,2003-10-20
2001,rebotes,per_game,Serie Final,6,"Richard, Jaja",BAYAM,4,13,10,23,5.8,value_maybe_clipped,single-source,wayback_bsnpr_root,https://web.archive.org/web/20031020102143id_/http://www.bsnpr.com:80/lideres2001.asp?grupo=BS21&serie=4,2026-09-08T14:05:58Z,2003-10-20
2001,rebotes,per_game,Serie Final,7,"Arroyo, Carlos",SANTU,4,14,5,19,4.8,,single-source,wayback_bsnpr_root,https://web.archive.org/web/20031020102143id_/http://www.bsnpr.com:80/lideres2001.asp?grupo=BS21&serie=4,2026-09-08T14:05:58Z,2003-10-20
2001,rebotes,per_game,Serie Final,8,"Travieso, Carmelo",BAYAM,4,8,10,18,4.5,value_maybe_clipped,single-source,wayback_bsnpr_root,https://web.archive.org/web/20031020102143id_/http://www.bsnpr.com:80/lideres2001.asp?grupo=BS21&serie=4,2026-09-08T14:05:58Z,2003-10-20
2001,rebotes,per_game,Serie Final,9,"Benson, Mark",SANTU,4,9,8,17,4.3,value_maybe_clipped,single-source,wayback_bsnpr_root,https://web.archive.org/web/20031020102143id_/http://www.bsnpr.com:80/lideres2001.asp?grupo=BS21&serie=4,2026-09-08T14:05:58Z,2003-10-20
2001,rebotes,per_game,Serie Final,10,"Payano, Carlos",BAYAM,4,6,11,17,4.3,value_maybe_clipped,single-source,wayback_bsnpr_root,https://web.archive.org/web/20031020102143id_/http://www.bsnpr.com:80/lideres2001.asp?grupo=BS21&serie=4,2026-09-08T14:05:58Z,2003-10-20
2001,rebotes,per_game,Serie Regular,1,"Davis, Nick",MOROV,22,294,104,398,18.1,,single-source,wayback_bsnpr_root,https://web.archive.org/web/20010708042029id_/http://www.bsnpr.com:80/lideres2001.asp?grupo=BS21&serie=1,2026-09-08T14:05:39Z,2001-07-08
2001,rebotes,per_game,Serie Regular,2,"Lockhart, Ian",PONCE,25,235,114,349,14.0,,single-source,wayback_bsnpr_root,https://web.archive.org/web/20010708042029id_/http://www.bsnpr.com:80/lideres2001.asp?grupo=BS21&serie=1,2026-09-08T14:05:39Z,2001-07-08
2001,rebotes,per_game,Serie Regular,3,"King, Kirk",QUEBR,25,231,93,324,13.0,,single-source,wayback_bsnpr_root,https://web.archive.org/web/20010708042029id_/http://www.bsnpr.com:80/lideres2001.asp?grupo=BS21&serie=1,2026-09-08T14:05:39Z,2001-07-08
2001,rebotes,per_game,Serie Regular,4,"Wilson, Monti",AIBON,25,224,63,287,11.5,,single-source,wayback_bsnpr_root,https://web.archive.org/web/20010708042029id_/http://www.bsnpr.com:80/lideres2001.asp?grupo=BS21&serie=1,2026-09-08T14:05:39Z,2001-07-08
2001,rebotes,per_game,Serie Regular,5,"Lazor, Robert",SAN G,26,191,85,276,10.6,,single-source,wayback_bsnpr_root,https://web.archive.org/web/20010708042029id_/http://www.bsnpr.com:80/lideres2001.asp?grupo=BS21&serie=1,2026-09-08T14:05:39Z,2001-07-08
2001,rebotes,per_game,Serie Regular,6,"Simpson, Carl",CAROL,25,162,107,269,10.8,,single-source,wayback_bsnpr_root,https://web.archive.org/web/20010708042029id_/http://www.bsnpr.com:80/lideres2001.asp?grupo=BS21&serie=1,2026-09-08T14:05:39Z,2001-07-08
2001,rebotes,per_game,Serie Regular,7,"Leeks, Kenny",ISABE,24,142,103,245,10.2,value_maybe_clipped,single-source,wayback_bsnpr_root,https://web.archive.org/web/20010708042029id_/http://www.bsnpr.com:80/lideres2001.asp?grupo=BS21&serie=1,2026-09-08T14:05:39Z,2001-07-08
2001,rebotes,per_game,Serie Regular,8,"Richard, Jaja",BAYAM,26,146,90,236,9.1,,single-source,wayback_bsnpr_root,https://web.archive.org/web/20010708042029id_/http://www.bsnpr.com:80/lideres2001.asp?grupo=BS21&serie=1,2026-09-08T14:05:39Z,2001-07-08
2001,rebotes,per_game,Serie Regular,9,"Ortiz, Jose",SANTU,22,182,46,228,10.4,,single-source,wayback_bsnpr_root,https://web.archive.org/web/20010708042029id_/http://www.bsnpr.com:80/lideres2001.asp?grupo=BS21&serie=1,2026-09-08T14:05:39Z,2001-07-08
2001,rebotes,per_game,Serie Regular,10,"Murray, Joe",AIBON,25,134,82,216,8.6,,single-source,wayback_bsnpr_root,https://web.archive.org/web/20010708042029id_/http://www.bsnpr.com:80/lideres2001.asp?grupo=BS21&serie=1,2026-09-08T14:05:39Z,2001-07-08
2001,tiros_libres_anotados,per_game,Semi Final,1,"Western, Franklyn",BAYAM,6,40,,,6.7,,single-source,wayback_bsnpr_root,https://web.archive.org/web/20010917100051id_/http://www.bsnpr.com:80/lideres2001.asp?grupo=BS21&serie=3,2026-09-08T14:05:45Z,2001-09-17
2001,tiros_libres_anotados,per_game,Semi Final,2,"Casiano, Eddie",PONCE,7,38,,,5.4,,single-source,wayback_bsnpr_root,https://web.archive.org/web/20010917100051id_/http://www.bsnpr.com:80/lideres2001.asp?grupo=BS21&serie=3,2026-09-08T14:05:45Z,2001-09-17
2001,tiros_libres_anotados,per_game,Semi Final,3,"Ayuso, Larry",SAN G,6,30,,,5.0,,single-source,wayback_bsnpr_root,https://web.archive.org/web/20010917100051id_/http://www.bsnpr.com:80/lideres2001.asp?grupo=BS21&serie=3,2026-09-08T14:05:45Z,2001-09-17
2001,tiros_libres_anotados,per_game,Semi Final,4,"Colon, Javier",PONCE,7,26,,,3.7,,single-source,wayback_bsnpr_root,https://web.archive.org/web/20010917100051id_/http://www.bsnpr.com:80/lideres2001.asp?grupo=BS21&serie=3,2026-09-08T14:05:45Z,2001-09-17
2001,tiros_libres_anotados,per_game,Semi Final,5,"Fajardo, Shariff",SAN G,6,26,,,4.3,,single-source,wayback_bsnpr_root,https://web.archive.org/web/20010917100051id_/http://www.bsnpr.com:80/lideres2001.asp?grupo=BS21&serie=3,2026-09-08T14:05:45Z,2001-09-17
2001,tiros_libres_anotados,per_game,Semi Final,6,"Dalmau, Christian",SAN G,6,23,,,3.8,,single-source,wayback_bsnpr_root,https://web.archive.org/web/20010917100051id_/http://www.bsnpr.com:80/lideres2001.asp?grupo=BS21&serie=3,2026-09-08T14:05:45Z,2001-09-17
2001,tiros_libres_anotados,per_game,Semi Final,7,"Morales, Ferdinand",PONCE,7,19,,,2.7,,single-source,wayback_bsnpr_root,https://web.archive.org/web/20010917100051id_/http://www.bsnpr.com:80/lideres2001.asp?grupo=BS21&serie=3,2026-09-08T14:05:45Z,2001-09-17
2001,tiros_libres_anotados,per_game,Semi Final,8,"Ricardo, Osiris",PONCE,7,19,,,2.7,,single-source,wayback_bsnpr_root,https://web.archive.org/web/20010917100051id_/http://www.bsnpr.com:80/lideres2001.asp?grupo=BS21&serie=3,2026-09-08T14:05:45Z,2001-09-17
2001,tiros_libres_anotados,per_game,Semi Final,9,"Falcon, Alex",SANTU,7,17,,,2.4,,single-source,wayback_bsnpr_root,https://web.archive.org/web/20010917100051id_/http://www.bsnpr.com:80/lideres2001.asp?grupo=BS21&serie=3,2026-09-08T14:05:45Z,2001-09-17
2001,tiros_libres_anotados,per_game,Semi Final,10,"Mincy, Jerome",BAYAM,6,15,,,2.5,,single-source,wayback_bsnpr_root,https://web.archive.org/web/20010917100051id_/http://www.bsnpr.com:80/lideres2001.asp?grupo=BS21&serie=3,2026-09-08T14:05:45Z,2001-09-17
2001,tiros_libres_anotados,per_game,Serie Final,1,"Santiago, Daniel",BAYAM,4,23,,,5.8,,single-source,wayback_bsnpr_root,https://web.archive.org/web/20031020102143id_/http://www.bsnpr.com:80/lideres2001.asp?grupo=BS21&serie=4,2026-09-08T14:05:58Z,2003-10-20
2001,tiros_libres_anotados,per_game,Serie Final,2,"Trimingham, Leon",SANTU,4,23,,,5.8,,single-source,wayback_bsnpr_root,https://web.archive.org/web/20031020102143id_/http://www.bsnpr.com:80/lideres2001.asp?grupo=BS21&serie=4,2026-09-08T14:05:58Z,2003-10-20
2001,tiros_libres_anotados,per_game,Serie Final,3,"Santiago, Orlando",SANTU,4,18,,,4.5,,single-source,wayback_bsnpr_root,https://web.archive.org/web/20031020102143id_/http://www.bsnpr.com:80/lideres2001.asp?grupo=BS21&serie=4,2026-09-08T14:05:58Z,2003-10-20
2001,tiros_libres_anotados,per_game,Serie Final,4,"Benson, Mark",SANTU,4,11,,,2.8,,single-source,wayback_bsnpr_root,https://web.archive.org/web/20031020102143id_/http://www.bsnpr.com:80/lideres2001.asp?grupo=BS21&serie=4,2026-09-08T14:05:58Z,2003-10-20
2001,tiros_libres_anotados,per_game,Serie Final,5,"Arroyo, Carlos",SANTU,4,9,,,2.3,,single-source,wayback_bsnpr_root,https://web.archive.org/web/20031020102143id_/http://www.bsnpr.com:80/lideres2001.asp?grupo=BS21&serie=4,2026-09-08T14:05:58Z,2003-10-20
2001,tiros_libres_anotados,per_game,Serie Final,6,"Mincy, Jerome",BAYAM,4,9,,,2.3,,single-source,wayback_bsnpr_root,https://web.archive.org/web/20031020102143id_/http://www.bsnpr.com:80/lideres2001.asp?grupo=BS21&serie=4,2026-09-08T14:05:58Z,2003-10-20
2001,tiros_libres_anotados,per_game,Serie Final,7,"Ortiz, Jose",SANTU,4,9,,,2.3,,single-source,wayback_bsnpr_root,https://web.archive.org/web/20031020102143id_/http://www.bsnpr.com:80/lideres2001.asp?grupo=BS21&serie=4,2026-09-08T14:05:58Z,2003-10-20
2001,tiros_libres_anotados,per_game,Serie Final,8,"Padilla, Edgar",BAYAM,4,7,,,1.8,,single-source,wayback_bsnpr_root,https://web.archive.org/web/20031020102143id_/http://www.bsnpr.com:80/lideres2001.asp?grupo=BS21&serie=4,2026-09-08T14:05:58Z,2003-10-20
2001,tiros_libres_anotados,per_game,Serie Final,9,"Travieso, Carmelo",BAYAM,4,6,,,1.5,,single-source,wayback_bsnpr_root,https://web.archive.org/web/20031020102143id_/http://www.bsnpr.com:80/lideres2001.asp?grupo=BS21&serie=4,2026-09-08T14:05:58Z,2003-10-20
2001,tiros_libres_anotados,per_game,Serie Final,10,"Hourruitiner, Rolando",SANTU,4,5,,,1.3,,single-source,wayback_bsnpr_root,https://web.archive.org/web/20031020102143id_/http://www.bsnpr.com:80/lideres2001.asp?grupo=BS21&serie=4,2026-09-08T14:05:58Z,2003-10-20
2001,tiros_libres_anotados,per_game,Serie Regular,1,"Farmer, Tony",CAGUA,26,153,,,5.9,,single-source,wayback_bsnpr_root,https://web.archive.org/web/20010708042029id_/http://www.bsnpr.com:80/lideres2001.asp?grupo=BS21&serie=1,2026-09-08T14:05:39Z,2001-07-08
2001,tiros_libres_anotados,per_game,Serie Regular,2,"Davis, Nick",MOROV,22,126,,,5.7,,single-source,wayback_bsnpr_root,https://web.archive.org/web/20010708042029id_/http://www.bsnpr.com:80/lideres2001.asp?grupo=BS21&serie=1,2026-09-08T14:05:39Z,2001-07-08
2001,tiros_libres_anotados,per_game,Serie Regular,3,"Leeks, Kenny",ISABE,24,124,,,5.2,,single-source,wayback_bsnpr_root,https://web.archive.org/web/20010708042029id_/http://www.bsnpr.com:80/lideres2001.asp?grupo=BS21&serie=1,2026-09-08T14:05:39Z,2001-07-08
2001,tiros_libres_anotados,per_game,Serie Regular,4,"Carter, James",MAYAG,25,117,,,4.7,,single-source,wayback_bsnpr_root,https://web.archive.org/web/20010708042029id_/http://www.bsnpr.com:80/lideres2001.asp?grupo=BS21&serie=1,2026-09-08T14:05:39Z,2001-07-08
2001,tiros_libres_anotados,per_game,Serie Regular,5,"Casiano, Eddie",PONCE,22,105,,,4.8,,single-source,wayback_bsnpr_root,https://web.archive.org/web/20010708042029id_/http://www.bsnpr.com:80/lideres2001.asp?grupo=BS21&serie=1,2026-09-08T14:05:39Z,2001-07-08
2001,tiros_libres_anotados,per_game,Serie Regular,6,"Higgs, Nate",ARECI,15,98,,,6.5,,single-source,wayback_bsnpr_root,https://web.archive.org/web/20010708042029id_/http://www.bsnpr.com:80/lideres2001.asp?grupo=BS21&serie=1,2026-09-08T14:05:39Z,2001-07-08
2001,tiros_libres_anotados,per_game,Serie Regular,7,"Nolan, Norman",MAYAG,19,96,,,5.1,,single-source,wayback_bsnpr_root,https://web.archive.org/web/20010708042029id_/http://www.bsnpr.com:80/lideres2001.asp?grupo=BS21&serie=1,2026-09-08T14:05:39Z,2001-07-08
2001,tiros_libres_anotados,per_game,Serie Regular,8,"Pagan, Wilfredo",MOROV,22,96,,,4.4,,single-source,wayback_bsnpr_root,https://web.archive.org/web/20010708042029id_/http://www.bsnpr.com:80/lideres2001.asp?grupo=BS21&serie=1,2026-09-08T14:05:39Z,2001-07-08
2001,tiros_libres_anotados,per_game,Serie Regular,9,"Western, Franklyn",BAYAM,24,88,,,3.7,,single-source,wayback_bsnpr_root,https://web.archive.org/web/20010708042029id_/http://www.bsnpr.com:80/lideres2001.asp?grupo=BS21&serie=1,2026-09-08T14:05:39Z,2001-07-08
2001,tiros_libres_anotados,per_game,Serie Regular,10,"Wilson, Monti",AIBON,25,82,,,3.3,,single-source,wayback_bsnpr_root,https://web.archive.org/web/20010708042029id_/http://www.bsnpr.com:80/lideres2001.asp?grupo=BS21&serie=1,2026-09-08T14:05:39Z,2001-07-08
2001,tiros_libres_pct,percentage,Semi Final,1,"Western, Franklyn",BAYAM,6,45,40,,88.9,,single-source,wayback_bsnpr_root,https://web.archive.org/web/20010917100051id_/http://www.bsnpr.com:80/lideres2001.asp?grupo=BS21&serie=3,2026-09-08T14:05:45Z,2001-09-17
2001,tiros_libres_pct,percentage,Semi Final,2,"Ayuso, Larry",SAN G,6,35,30,,85.7,,single-source,wayback_bsnpr_root,https://web.archive.org/web/20010917100051id_/http://www.bsnpr.com:80/lideres2001.asp?grupo=BS21&serie=3,2026-09-08T14:05:45Z,2001-09-17
2001,tiros_libres_pct,percentage,Semi Final,3,"Colon, Javier",PONCE,7,31,26,,83.9,,single-source,wayback_bsnpr_root,https://web.archive.org/web/20010917100051id_/http://www.bsnpr.com:80/lideres2001.asp?grupo=BS21&serie=3,2026-09-08T14:05:45Z,2001-09-17
2001,tiros_libres_pct,percentage,Semi Final,4,"Morales, Ferdinand",PONCE,7,23,19,,82.6,,single-source,wayback_bsnpr_root,https://web.archive.org/web/20010917100051id_/http://www.bsnpr.com:80/lideres2001.asp?grupo=BS21&serie=3,2026-09-08T14:05:45Z,2001-09-17
2001,tiros_libres_pct,percentage,Semi Final,5,"Fajardo, Shariff",SAN G,6,32,26,,81.3,,single-source,wayback_bsnpr_root,https://web.archive.org/web/20010917100051id_/http://www.bsnpr.com:80/lideres2001.asp?grupo=BS21&serie=3,2026-09-08T14:05:45Z,2001-09-17
2001,tiros_libres_pct,percentage,Semi Final,6,"Casiano, Eddie",PONCE,7,47,38,,80.9,,single-source,wayback_bsnpr_root,https://web.archive.org/web/20010917100051id_/http://www.bsnpr.com:80/lideres2001.asp?grupo=BS21&serie=3,2026-09-08T14:05:45Z,2001-09-17
2001,tiros_libres_pct,percentage,Semi Final,7,"Dalmau, Christian",SAN G,6,29,23,,79.3,,single-source,wayback_bsnpr_root,https://web.archive.org/web/20010917100051id_/http://www.bsnpr.com:80/lideres2001.asp?grupo=BS21&serie=3,2026-09-08T14:05:45Z,2001-09-17
2001,tiros_libres_pct,percentage,Semi Final,8,"Santiago, Daniel",BAYAM,6,18,14,,77.8,,single-source,wayback_bsnpr_root,https://web.archive.org/web/20010917100051id_/http://www.bsnpr.com:80/lideres2001.asp?grupo=BS21&serie=3,2026-09-08T14:05:45Z,2001-09-17
2001,tiros_libres_pct,percentage,Semi Final,9,"Trimingham, Leon",SANTU,7,19,14,,73.7,,single-source,wayback_bsnpr_root,https://web.archive.org/web/20010917100051id_/http://www.bsnpr.com:80/lideres2001.asp?grupo=BS21&serie=3,2026-09-08T14:05:45Z,2001-09-17
2001,tiros_libres_pct,percentage,Semi Final,10,"Padilla, Edgar",BAYAM,6,17,12,,70.6,,single-source,wayback_bsnpr_root,https://web.archive.org/web/20010917100051id_/http://www.bsnpr.com:80/lideres2001.asp?grupo=BS21&serie=3,2026-09-08T14:05:45Z,2001-09-17
2001,tiros_libres_pct,percentage,Serie Final,1,"Santiago, Orlando",SANTU,4,19,18,,94.7,,single-source,wayback_bsnpr_root,https://web.archive.org/web/20031020102143id_/http://www.bsnpr.com:80/lideres2001.asp?grupo=BS21&serie=4,2026-09-08T14:05:58Z,2003-10-20
2001,tiros_libres_pct,percentage,Serie Final,2,"Arroyo, Carlos",SANTU,4,11,9,,81.8,,single-source,wayback_bsnpr_root,https://web.archive.org/web/20031020102143id_/http://www.bsnpr.com:80/lideres2001.asp?grupo=BS21&serie=4,2026-09-08T14:05:58Z,2003-10-20
2001,tiros_libres_pct,percentage,Serie Final,3,"Santiago, Daniel",BAYAM,4,31,23,,74.2,,single-source,wayback_bsnpr_root,https://web.archive.org/web/20031020102143id_/http://www.bsnpr.com:80/lideres2001.asp?grupo=BS21&serie=4,2026-09-08T14:05:58Z,2003-10-20
2001,tiros_libres_pct,percentage,Serie Final,4,"Trimingham, Leon",SANTU,4,31,23,,74.2,,single-source,wayback_bsnpr_root,https://web.archive.org/web/20031020102143id_/http://www.bsnpr.com:80/lideres2001.asp?grupo=BS21&serie=4,2026-09-08T14:05:58Z,2003-10-20
2001,tiros_libres_pct,percentage,Serie Final,5,"Benson, Mark",SANTU,4,15,11,,73.3,,single-source,wayback_bsnpr_root,https://web.archive.org/web/20031020102143id_/http://www.bsnpr.com:80/lideres2001.asp?grupo=BS21&serie=4,2026-09-08T14:05:58Z,2003-10-20
2001,tiros_libres_pct,percentage,Serie Final,6,"Mincy, Jerome",BAYAM,4,16,9,,56.3,,single-source,wayback_bsnpr_root,https://web.archive.org/web/20031020102143id_/http://www.bsnpr.com:80/lideres2001.asp?grupo=BS21&serie=4,2026-09-08T14:05:58Z,2003-10-20
2001,tiros_libres_pct,percentage,Serie Final,7,"Ortiz, Jose",SANTU,4,16,9,,56.3,,single-source,wayback_bsnpr_root,https://web.archive.org/web/20031020102143id_/http://www.bsnpr.com:80/lideres2001.asp?grupo=BS21&serie=4,2026-09-08T14:05:58Z,2003-10-20
2001,tiros_libres_pct,percentage,Serie Regular,1,"Benson, Mark",SANTU,10,23,21,,91.3,,single-source,wayback_bsnpr_root,https://web.archive.org/web/20010708042029id_/http://www.bsnpr.com:80/lideres2001.asp?grupo=BS21&serie=1,2026-09-08T14:05:39Z,2001-07-08
2001,tiros_libres_pct,percentage,Serie Regular,2,"Carter, James",MAYAG,25,130,117,,90.0,,single-source,wayback_bsnpr_root,https://web.archive.org/web/20010708042029id_/http://www.bsnpr.com:80/lideres2001.asp?grupo=BS21&serie=1,2026-09-08T14:05:39Z,2001-07-08
2001,tiros_libres_pct,percentage,Serie Regular,3,"Ayuso, Larry",SAN G,26,84,74,,88.1,,single-source,wayback_bsnpr_root,https://web.archive.org/web/20010708042029id_/http://www.bsnpr.com:80/lideres2001.asp?grupo=BS21&serie=1,2026-09-08T14:05:39Z,2001-07-08
2001,tiros_libres_pct,percentage,Serie Regular,4,"Nieves, Ivan",CAROL,25,24,21,,87.5,,single-source,wayback_bsnpr_root,https://web.archive.org/web/20010708042029id_/http://www.bsnpr.com:80/lideres2001.asp?grupo=BS21&serie=1,2026-09-08T14:05:39Z,2001-07-08
2001,tiros_libres_pct,percentage,Serie Regular,5,"Allende, Luis",CAGUA,26,71,62,,87.3,,single-source,wayback_bsnpr_root,https://web.archive.org/web/20010708042029id_/http://www.bsnpr.com:80/lideres2001.asp?grupo=BS21&serie=1,2026-09-08T14:05:39Z,2001-07-08
2001,tiros_libres_pct,percentage,Serie Regular,6,"Colon, Javier",PONCE,24,79,68,,86.1,,single-source,wayback_bsnpr_root,https://web.archive.org/web/20010708042029id_/http://www.bsnpr.com:80/lideres2001.asp?grupo=BS21&serie=1,2026-09-08T14:05:39Z,2001-07-08
2001,tiros_libres_pct,percentage,Serie Regular,7,"Casiano, Eddie",PONCE,22,122,105,,86.1,,single-source,wayback_bsnpr_root,https://web.archive.org/web/20010708042029id_/http://www.bsnpr.com:80/lideres2001.asp?grupo=BS21&serie=1,2026-09-08T14:05:39Z,2001-07-08
2001,tiros_libres_pct,percentage,Serie Regular,8,"Rivera, Erick",CAROL,9,32,27,,84.4,,single-source,wayback_bsnpr_root,https://web.archive.org/web/20010708042029id_/http://www.bsnpr.com:80/lideres2001.asp?grupo=BS21&serie=1,2026-09-08T14:05:39Z,2001-07-08
2001,tiros_libres_pct,percentage,Serie Regular,9,"Rivera, Eddie",ISABE,24,38,32,,84.2,,single-source,wayback_bsnpr_root,https://web.archive.org/web/20010708042029id_/http://www.bsnpr.com:80/lideres2001.asp?grupo=BS21&serie=1,2026-09-08T14:05:39Z,2001-07-08
2001,tiros_libres_pct,percentage,Serie Regular,10,"Western, Franklyn",BAYAM,24,105,88,,83.8,,single-source,wayback_bsnpr_root,https://web.archive.org/web/20010708042029id_/http://www.bsnpr.com:80/lideres2001.asp?grupo=BS21&serie=1,2026-09-08T14:05:39Z,2001-07-08
2002,anotaciones,per_game,Serie Regular,1,"Ayuso, Larry",SAN G,29,703,,,24.2,,single-source,wayback_bsnpr_root,https://web.archive.org/web/20031020102305id_/http://www.bsnpr.com:80/lideres2002.asp?grupo=BS22&serie=1,2026-09-08T14:06:06Z,2003-10-20
2002,anotaciones,per_game,Serie Regular,2,"Pagan, Wilfredo",MOROV,30,644,,,21.5,,single-source,wayback_bsnpr_root,https://web.archive.org/web/20031020102305id_/http://www.bsnpr.com:80/lideres2002.asp?grupo=BS22&serie=1,2026-09-08T14:06:06Z,2003-10-20
2002,anotaciones,per_game,Serie Regular,3,"Dalmau, Christian",SAN G,28,638,,,22.8,,single-source,wayback_bsnpr_root,https://web.archive.org/web/20031020102305id_/http://www.bsnpr.com:80/lideres2002.asp?grupo=BS22&serie=1,2026-09-08T14:06:06Z,2003-10-20
2002,anotaciones,per_game,Serie Regular,4,"Casiano, Eddie",PONCE,30,614,,,20.5,,single-source,wayback_bsnpr_root,https://web.archive.org/web/20031020102305id_/http://www.bsnpr.com:80/lideres2002.asp?grupo=BS22&serie=1,2026-09-08T14:06:06Z,2003-10-20
2002,anotaciones,per_game,Serie Regular,5,"Davis, Nick",MOROV,30,606,,,20.2,,single-source,wayback_bsnpr_root,https://web.archive.org/web/20031020102305id_/http://www.bsnpr.com:80/lideres2002.asp?grupo=BS22&serie=1,2026-09-08T14:06:06Z,2003-10-20
2002,anotaciones,per_game,Serie Regular,6,"Dalmau, Raymond",QUEBR,28,602,,,21.5,,single-source,wayback_bsnpr_root,https://web.archive.org/web/20031020102305id_/http://www.bsnpr.com:80/lideres2002.asp?grupo=BS22&serie=1,2026-09-08T14:06:06Z,2003-10-20
2002,anotaciones,per_game,Serie Regular,7,"Taylor, Erick",SAN G,30,582,,,19.4,,single-source,wayback_bsnpr_root,https://web.archive.org/web/20031020102305id_/http://www.bsnpr.com:80/lideres2002.asp?grupo=BS22&serie=1,2026-09-08T14:06:06Z,2003-10-20
2002,anotaciones,per_game,Serie Regular,8,"Dalmau, Ricardo",QUEBR,26,558,,,21.5,,single-source,wayback_bsnpr_root,https://web.archive.org/web/20031020102305id_/http://www.bsnpr.com:80/lideres2002.asp?grupo=BS22&serie=1,2026-09-08T14:06:06Z,2003-10-20
2002,anotaciones,per_game,Serie Regular,9,"Hiraldo, Christophe",CAYEY,30,548,,,18.3,,single-source,wayback_bsnpr_root,https://web.archive.org/web/20031020102305id_/http://www.bsnpr.com:80/lideres2002.asp?grupo=BS22&serie=1,2026-09-08T14:06:06Z,2003-10-20
2002,anotaciones,per_game,Serie Regular,10,"Ortiz, Jose",SANTU,28,541,,,19.3,,single-source,wayback_bsnpr_root,https://web.archive.org/web/20031020102305id_/http://www.bsnpr.com:80/lideres2002.asp?grupo=BS22&serie=1,2026-09-08T14:06:06Z,2003-10-20
2002,asistencias,per_game,Serie Regular,1,"Dalmau, Raymond",QUEBR,28,189,,,6.8,,single-source,wayback_bsnpr_root,https://web.archive.org/web/20031020102305id_/http://www.bsnpr.com:80/lideres2002.asp?grupo=BS22&serie=1,2026-09-08T14:06:06Z,2003-10-20
2002,asistencias,per_game,Serie Regular,2,"Dalmau, Christian",SAN G,28,175,,,6.3,,single-source,wayback_bsnpr_root,https://web.archive.org/web/20031020102305id_/http://www.bsnpr.com:80/lideres2002.asp?grupo=BS22&serie=1,2026-09-08T14:06:06Z,2003-10-20
2002,asistencias,per_game,Serie Regular,3,"Santiago, Eddin",BAYAM,27,173,,,6.4,,single-source,wayback_bsnpr_root,https://web.archive.org/web/20031020102305id_/http://www.bsnpr.com:80/lideres2002.asp?grupo=BS22&serie=1,2026-09-08T14:06:06Z,2003-10-20
2002,asistencias,per_game,Serie Regular,4,"Pagan, Wilfredo",MOROV,30,167,,,5.6,,single-source,wayback_bsnpr_root,https://web.archive.org/web/20031020102305id_/http://www.bsnpr.com:80/lideres2002.asp?grupo=BS22&serie=1,2026-09-08T14:06:06Z,2003-10-20
2002,asistencias,per_game,Serie Regular,5,"Davila, Miguel",MAYAG,29,160,,,5.5,,single-source,wayback_bsnpr_root,https://web.archive.org/web/20031020102305id_/http://www.bsnpr.com:80/lideres2002.asp?grupo=BS22&serie=1,2026-09-08T14:06:06Z,2003-10-20
2002,asistencias,per_game,Serie Regular,6,"Carter, James",CAGUA,30,154,,,5.1,,single-source,wayback_bsnpr_root,https://web.archive.org/web/20031020102305id_/http://www.bsnpr.com:80/lideres2002.asp?grupo=BS22&serie=1,2026-09-08T14:06:06Z,2003-10-20
2002,asistencias,per_game,Serie Regular,7,"Colon, Javier",PONCE,29,146,,,5.0,,single-source,wayback_bsnpr_root,https://web.archive.org/web/20031020102305id_/http://www.bsnpr.com:80/lideres2002.asp?grupo=BS22&serie=1,2026-09-08T14:06:06Z,2003-10-20
2002,asistencias,per_game,Serie Regular,8,"Lopez, Angel M.",CAYEY,20,136,,,6.8,,single-source,wayback_bsnpr_root,https://web.archive.org/web/20031020102305id_/http://www.bsnpr.com:80/lideres2002.asp?grupo=BS22&serie=1,2026-09-08T14:06:06Z,2003-10-20
2002,asistencias,per_game,Serie Regular,9,"Rivera, Filiberto",COAMO,25,124,,,5.0,,single-source,wayback_bsnpr_root,https://web.archive.org/web/20031020102305id_/http://www.bsnpr.com:80/lideres2002.asp?grupo=BS22&serie=1,2026-09-08T14:06:06Z,2003-10-20
2002,asistencias,per_game,Serie Regular,10,"Santiago, Orlando",SANTU,20,113,,,5.7,,single-source,wayback_bsnpr_root,https://web.archive.org/web/20031020102305id_/http://www.bsnpr.com:80/lideres2002.asp?grupo=BS22&serie=1,2026-09-08T14:06:06Z,2003-10-20
2002,bloqueos,per_game,Serie Regular,1,"Davis, Nick",MOROV,30,64,,,2.1,,single-source,wayback_bsnpr_root,https://web.archive.org/web/20031020102305id_/http://www.bsnpr.com:80/lideres2002.asp?grupo=BS22&serie=1,2026-09-08T14:06:06Z,2003-10-20
2002,bloqueos,per_game,Serie Regular,2,"Aubry, Jeffrey",SANTU,26,44,,,1.7,,single-source,wayback_bsnpr_root,https://web.archive.org/web/20031020102305id_/http://www.bsnpr.com:80/lideres2002.asp?grupo=BS22&serie=1,2026-09-08T14:06:06Z,2003-10-20
2002,bloqueos,per_game,Serie Regular,3,"Santiago, Daniel",BAYAM,27,39,,,1.4,,single-source,wayback_bsnpr_root,https://web.archive.org/web/20031020102305id_/http://www.bsnpr.com:80/lideres2002.asp?grupo=BS22&serie=1,2026-09-08T14:06:06Z,2003-10-20
2002,bloqueos,per_game,Serie Regular,4,"White, Joe",CAROL,30,37,,,1.2,,single-source,wayback_bsnpr_root,https://web.archive.org/web/20031020102305id_/http://www.bsnpr.com:80/lideres2002.asp?grupo=BS22&serie=1,2026-09-08T14:06:06Z,2003-10-20
2002,bloqueos,per_game,Serie Regular,5,"Vazquez, De Juan",ISABE,25,36,,,1.4,,single-source,wayback_bsnpr_root,https://web.archive.org/web/20031020102305id_/http://www.bsnpr.com:80/lideres2002.asp?grupo=BS22&serie=1,2026-09-08T14:06:06Z,2003-10-20
2002,bloqueos,per_game,Serie Regular,6,"Ortiz, Jose",SANTU,28,33,,,1.2,,single-source,wayback_bsnpr_root,https://web.archive.org/web/20031020102305id_/http://www.bsnpr.com:80/lideres2002.asp?grupo=BS22&serie=1,2026-09-08T14:06:06Z,2003-10-20
2002,bloqueos,per_game,Serie Regular,7,"Perez, Felix Javi",ARECI,28,33,,,1.2,,single-source,wayback_bsnpr_root,https://web.archive.org/web/20031020102305id_/http://www.bsnpr.com:80/lideres2002.asp?grupo=BS22&serie=1,2026-09-08T14:06:06Z,2003-10-20
2002,bloqueos,per_game,Serie Regular,8,"Gee, Jarrod",CAYEY,12,24,,,2.0,,single-source,wayback_bsnpr_root,https://web.archive.org/web/20031020102305id_/http://www.bsnpr.com:80/lideres2002.asp?grupo=BS22&serie=1,2026-09-08T14:06:06Z,2003-10-20
2002,bloqueos,per_game,Serie Regular,9,"Rivera, Jorge",BAYAM,24,23,,,1.0,,single-source,wayback_bsnpr_root,https://web.archive.org/web/20031020102305id_/http://www.bsnpr.com:80/lideres2002.asp?grupo=BS22&serie=1,2026-09-08T14:06:06Z,2003-10-20
2002,bloqueos,per_game,Serie Regular,10,"Ricardo, Osiris",PONCE,24,22,,,0.9,,single-source,wayback_bsnpr_root,https://web.archive.org/web/20031020102305id_/http://www.bsnpr.com:80/lideres2002.asp?grupo=BS22&serie=1,2026-09-08T14:06:06Z,2003-10-20
2002,canastos_3,per_game,Serie Regular,1,"Ayuso, Larry",SAN G,29,133,,,4.6,,single-source,wayback_bsnpr_root,https://web.archive.org/web/20031020102305id_/http://www.bsnpr.com:80/lideres2002.asp?grupo=BS22&serie=1,2026-09-08T14:06:06Z,2003-10-20
2002,canastos_3,per_game,Serie Regular,2,"Casiano, Eddie",PONCE,30,92,,,3.1,,single-source,wayback_bsnpr_root,https://web.archive.org/web/20031020102305id_/http://www.bsnpr.com:80/lideres2002.asp?grupo=BS22&serie=1,2026-09-08T14:06:06Z,2003-10-20
2002,canastos_3,per_game,Serie Regular,3,"Curbelo, Joel",QUEBR,30,84,,,2.8,,single-source,wayback_bsnpr_root,https://web.archive.org/web/20031020102305id_/http://www.bsnpr.com:80/lideres2002.asp?grupo=BS22&serie=1,2026-09-08T14:06:06Z,2003-10-20
2002,canastos_3,per_game,Serie Regular,4,"Dalmau, Ricardo",QUEBR,26,76,,,2.9,,single-source,wayback_bsnpr_root,https://web.archive.org/web/20031020102305id_/http://www.bsnpr.com:80/lideres2002.asp?grupo=BS22&serie=1,2026-09-08T14:06:06Z,2003-10-20
2002,canastos_3,per_game,Serie Regular,5,"Dalmau, Christian",SAN G,28,66,,,2.4,,single-source,wayback_bsnpr_root,https://web.archive.org/web/20031020102305id_/http://www.bsnpr.com:80/lideres2002.asp?grupo=BS22&serie=1,2026-09-08T14:06:06Z,2003-10-20
2002,canastos_3,per_game,Serie Regular,6,"Hiraldo, Christophe",CAYEY,30,65,,,2.2,,single-source,wayback_bsnpr_root,https://web.archive.org/web/20031020102305id_/http://www.bsnpr.com:80/lideres2002.asp?grupo=BS22&serie=1,2026-09-08T14:06:06Z,2003-10-20
2002,canastos_3,per_game,Serie Regular,7,"Travieso, Carmelo",BAYAM,30,65,,,2.2,,single-source,wayback_bsnpr_root,https://web.archive.org/web/20031020102305id_/http://www.bsnpr.com:80/lideres2002.asp?grupo=BS22&serie=1,2026-09-08T14:06:06Z,2003-10-20
2002,canastos_3,per_game,Serie Regular,8,"Nieves, Josue",CAGUA,23,64,,,2.8,,single-source,wayback_bsnpr_root,https://web.archive.org/web/20031020102305id_/http://www.bsnpr.com:80/lideres2002.asp?grupo=BS22&serie=1,2026-09-08T14:06:06Z,2003-10-20
2002,canastos_3,per_game,Serie Regular,9,"Pagan, Wilfredo",MOROV,30,62,,,2.1,,single-source,wayback_bsnpr_root,https://web.archive.org/web/20031020102305id_/http://www.bsnpr.com:80/lideres2002.asp?grupo=BS22&serie=1,2026-09-08T14:06:06Z,2003-10-20
2002,canastos_3,per_game,Serie Regular,10,"Colon, Javier",PONCE,29,61,,,2.1,,single-source,wayback_bsnpr_root,https://web.archive.org/web/20031020102305id_/http://www.bsnpr.com:80/lideres2002.asp?grupo=BS22&serie=1,2026-09-08T14:06:06Z,2003-10-20
2002,canastos_3_pct,percentage,Serie Regular,1,"Butler, Mario",MOROV,30,21,13,,61.9,,single-source,wayback_bsnpr_root,https://web.archive.org/web/20031020102305id_/http://www.bsnpr.com:80/lideres2002.asp?grupo=BS22&serie=1,2026-09-08T14:06:06Z,2003-10-20
2002,canastos_3_pct,percentage,Serie Regular,2,"Nieves, Josue",CAGUA,23,124,64,,51.6,,single-source,wayback_bsnpr_root,https://web.archive.org/web/20031020102305id_/http://www.bsnpr.com:80/lideres2002.asp?grupo=BS22&serie=1,2026-09-08T14:06:06Z,2003-10-20
2002,canastos_3_pct,percentage,Serie Regular,3,"Jones, Joel",BAYAM,13,53,27,,50.9,,single-source,wayback_bsnpr_root,https://web.archive.org/web/20031020102305id_/http://www.bsnpr.com:80/lideres2002.asp?grupo=BS22&serie=1,2026-09-08T14:06:06Z,2003-10-20
2002,canastos_3_pct,percentage,Serie Regular,4,"Colon, Francisco",QUEBR,19,66,33,,50.0,,single-source,wayback_bsnpr_root,https://web.archive.org/web/20031020102305id_/http://www.bsnpr.com:80/lideres2002.asp?grupo=BS22&serie=1,2026-09-08T14:06:06Z,2003-10-20
2002,canastos_3_pct,percentage,Serie Regular,5,"Benson, Mark",SANTU,27,116,53,,45.7,,single-source,wayback_bsnpr_root,https://web.archive.org/web/20031020102305id_/http://www.bsnpr.com:80/lideres2002.asp?grupo=BS22&serie=1,2026-09-08T14:06:06Z,2003-10-20
2002,canastos_3_pct,percentage,Serie Regular,6,"Colon, Javier",PONCE,29,141,61,,43.3,,single-source,wayback_bsnpr_root,https://web.archive.org/web/20031020102305id_/http://www.bsnpr.com:80/lideres2002.asp?grupo=BS22&serie=1,2026-09-08T14:06:06Z,2003-10-20
2002,canastos_3_pct,percentage,Serie Regular,7,"Fernandez, Erick",CAROL,30,70,30,,42.9,,single-source,wayback_bsnpr_root,https://web.archive.org/web/20031020102305id_/http://www.bsnpr.com:80/lideres2002.asp?grupo=BS22&serie=1,2026-09-08T14:06:06Z,2003-10-20
2002,canastos_3_pct,percentage,Serie Regular,8,"Ayuso, Larry",SAN G,29,312,133,,42.6,,single-source,wayback_bsnpr_root,https://web.archive.org/web/20031020102305id_/http://www.bsnpr.com:80/lideres2002.asp?grupo=BS22&serie=1,2026-09-08T14:06:06Z,2003-10-20
2002,canastos_3_pct,percentage,Serie Regular,9,"Arroyo, Carlos",SANTU,11,52,22,,42.3,,single-source,wayback_bsnpr_root,https://web.archive.org/web/20031020102305id_/http://www.bsnpr.com:80/lideres2002.asp?grupo=BS22&serie=1,2026-09-08T14:06:06Z,2003-10-20
2002,canastos_3_pct,percentage,Serie Regular,10,"Medrano, Jorge",MOROV,30,90,38,,42.2,,single-source,wayback_bsnpr_root,https://web.archive.org/web/20031020102305id_/http://www.bsnpr.com:80/lideres2002.asp?grupo=BS22&serie=1,2026-09-08T14:06:06Z,2003-10-20
2002,rebotes,per_game,Serie Regular,1,"Davis, Nick",MOROV,30,322,166,488,16.3,,single-source,wayback_bsnpr_root,https://web.archive.org/web/20031020102305id_/http://www.bsnpr.com:80/lideres2002.asp?grupo=BS22&serie=1,2026-09-08T14:06:06Z,2003-10-20
2002,rebotes,per_game,Serie Regular,2,"Taylor, Erick",SAN G,30,241,120,361,12.0,,single-source,wayback_bsnpr_root,https://web.archive.org/web/20031020102305id_/http://www.bsnpr.com:80/lideres2002.asp?grupo=BS22&serie=1,2026-09-08T14:06:06Z,2003-10-20
2002,rebotes,per_game,Serie Regular,3,"Simpkins, Dickie",CAGUA,27,214,86,300,11.1,,single-source,wayback_bsnpr_root,https://web.archive.org/web/20031020102305id_/http://www.bsnpr.com:80/lideres2002.asp?grupo=BS22&serie=1,2026-09-08T14:06:06Z,2003-10-20
2002,rebotes,per_game,Serie Regular,4,"Ortiz, Jose",SANTU,28,229,42,271,9.7,,single-source,wayback_bsnpr_root,https://web.archive.org/web/20031020102305id_/http://www.bsnpr.com:80/lideres2002.asp?grupo=BS22&serie=1,2026-09-08T14:06:06Z,2003-10-20
2002,rebotes,per_game,Serie Regular,5,"Lazor, Robert",MAYAG,24,197,68,265,11.0,,single-source,wayback_bsnpr_root,https://web.archive.org/web/20031020102305id_/http://www.bsnpr.com:80/lideres2002.asp?grupo=BS22&serie=1,2026-09-08T14:06:06Z,2003-10-20
2002,rebotes,per_game,Serie Regular,6,"Lockhart, Ian",QUEBR,19,154,88,242,12.7,,single-source,wayback_bsnpr_root,https://web.archive.org/web/20031020102305id_/http://www.bsnpr.com:80/lideres2002.asp?grupo=BS22&serie=1,2026-09-08T14:06:06Z,2003-10-20
2002,rebotes,per_game,Serie Regular,7,"Rosario, Jose",ISABE,26,160,81,241,9.3,,single-source,wayback_bsnpr_root,https://web.archive.org/web/20031020102305id_/http://www.bsnpr.com:80/lideres2002.asp?grupo=BS22&serie=1,2026-09-08T14:06:06Z,2003-10-20
2002,rebotes,per_game,Serie Regular,8,"Bonner, Anthony",PONCE,19,152,72,224,11.8,,single-source,wayback_bsnpr_root,https://web.archive.org/web/20031020102305id_/http://www.bsnpr.com:80/lideres2002.asp?grupo=BS22&serie=1,2026-09-08T14:06:06Z,2003-10-20
2002,rebotes,per_game,Serie Regular,9,"Perez, Felix Javi",ARECI,28,154,66,220,7.9,,single-source,wayback_bsnpr_root,https://web.archive.org/web/20031020102305id_/http://www.bsnpr.com:80/lideres2002.asp?grupo=BS22&serie=1,2026-09-08T14:06:06Z,2003-10-20
2002,rebotes,per_game,Serie Regular,10,"Higgs, Nate",CAROL,17,162,39,201,11.8,,single-source,wayback_bsnpr_root,https://web.archive.org/web/20031020102305id_/http://www.bsnpr.com:80/lideres2002.asp?grupo=BS22&serie=1,2026-09-08T14:06:06Z,2003-10-20
2002,tiros_libres_anotados,per_game,Serie Regular,1,"Dalmau, Raymond",QUEBR,28,138,,,4.9,,single-source,wayback_bsnpr_root,https://web.archive.org/web/20031020102305id_/http://www.bsnpr.com:80/lideres2002.asp?grupo=BS22&serie=1,2026-09-08T14:06:06Z,2003-10-20
2002,tiros_libres_anotados,per_game,Serie Regular,2,"Davis, Nick",MOROV,30,136,,,4.5,,single-source,wayback_bsnpr_root,https://web.archive.org/web/20031020102305id_/http://www.bsnpr.com:80/lideres2002.asp?grupo=BS22&serie=1,2026-09-08T14:06:06Z,2003-10-20
2002,tiros_libres_anotados,per_game,Serie Regular,3,"Taylor, Erick",SAN G,30,119,,,4.0,,single-source,wayback_bsnpr_root,https://web.archive.org/web/20031020102305id_/http://www.bsnpr.com:80/lideres2002.asp?grupo=BS22&serie=1,2026-09-08T14:06:06Z,2003-10-20
2002,tiros_libres_anotados,per_game,Serie Regular,4,"Simms, Willie",ISABE,24,117,,,4.9,,single-source,wayback_bsnpr_root,https://web.archive.org/web/20031020102305id_/http://www.bsnpr.com:80/lideres2002.asp?grupo=BS22&serie=1,2026-09-08T14:06:06Z,2003-10-20
2002,tiros_libres_anotados,per_game,Serie Regular,5,"Pagan, Wilfredo",MOROV,30,116,,,3.9,,single-source,wayback_bsnpr_root,https://web.archive.org/web/20031020102305id_/http://www.bsnpr.com:80/lideres2002.asp?grupo=BS22&serie=1,2026-09-08T14:06:06Z,2003-10-20
2002,tiros_libres_anotados,per_game,Serie Regular,6,"Ayuso, Larry",SAN G,29,114,,,3.9,,single-source,wayback_bsnpr_root,https://web.archive.org/web/20031020102305id_/http://www.bsnpr.com:80/lideres2002.asp?grupo=BS22&serie=1,2026-09-08T14:06:06Z,2003-10-20
2002,tiros_libres_anotados,per_game,Serie Regular,7,"Dalmau, Christian",SAN G,28,112,,,4.0,,single-source,wayback_bsnpr_root,https://web.archive.org/web/20031020102305id_/http://www.bsnpr.com:80/lideres2002.asp?grupo=BS22&serie=1,2026-09-08T14:06:06Z,2003-10-20
2002,tiros_libres_anotados,per_game,Serie Regular,8,"Carter, James",CAGUA,30,110,,,3.7,,single-source,wayback_bsnpr_root,https://web.archive.org/web/20031020102305id_/http://www.bsnpr.com:80/lideres2002.asp?grupo=BS22&serie=1,2026-09-08T14:06:06Z,2003-10-20
2002,tiros_libres_anotados,per_game,Serie Regular,9,"Higgs, Nate",CAROL,17,107,,,6.3,,single-source,wayback_bsnpr_root,https://web.archive.org/web/20031020102305id_/http://www.bsnpr.com:80/lideres2002.asp?grupo=BS22&serie=1,2026-09-08T14:06:06Z,2003-10-20
2002,tiros_libres_anotados,per_game,Serie Regular,10,"Simpkins, Dickie",CAGUA,27,106,,,3.9,,single-source,wayback_bsnpr_root,https://web.archive.org/web/20031020102305id_/http://www.bsnpr.com:80/lideres2002.asp?grupo=BS22&serie=1,2026-09-08T14:06:06Z,2003-10-20
2002,tiros_libres_pct,percentage,Serie Regular,1,"Diaz, Rafael",COAMO,22,21,19,,90.5,,single-source,wayback_bsnpr_root,https://web.archive.org/web/20031020102305id_/http://www.bsnpr.com:80/lideres2002.asp?grupo=BS22&serie=1,2026-09-08T14:06:06Z,2003-10-20
2002,tiros_libres_pct,percentage,Serie Regular,2,"Nieves, Josue",CAGUA,23,54,48,,88.9,,single-source,wayback_bsnpr_root,https://web.archive.org/web/20031020102305id_/http://www.bsnpr.com:80/lideres2002.asp?grupo=BS22&serie=1,2026-09-08T14:06:06Z,2003-10-20
2002,tiros_libres_pct,percentage,Serie Regular,3,"Cruz, Rafael",ARECI,27,86,75,,87.2,,single-source,wayback_bsnpr_root,https://web.archive.org/web/20031020102305id_/http://www.bsnpr.com:80/lideres2002.asp?grupo=BS22&serie=1,2026-09-08T14:06:06Z,2003-10-20
2002,tiros_libres_pct,percentage,Serie Regular,4,"Ayuso, Larry",SAN G,29,132,114,,86.4,,single-source,wayback_bsnpr_root,https://web.archive.org/web/20031020102305id_/http://www.bsnpr.com:80/lideres2002.asp?grupo=BS22&serie=1,2026-09-08T14:06:06Z,2003-10-20
2002,tiros_libres_pct,percentage,Serie Regular,5,"Carter, James",CAGUA,30,128,110,,85.9,,single-source,wayback_bsnpr_root,https://web.archive.org/web/20031020102305id_/http://www.bsnpr.com:80/lideres2002.asp?grupo=BS22&serie=1,2026-09-08T14:06:06Z,2003-10-20
2002,tiros_libres_pct,percentage,Serie Regular,6,"Santiago, Eddin",BAYAM,27,64,55,,85.9,,single-source,wayback_bsnpr_root,https://web.archive.org/web/20031020102305id_/http://www.bsnpr.com:80/lideres2002.asp?grupo=BS22&serie=1,2026-09-08T14:06:06Z,2003-10-20
2002,tiros_libres_pct,percentage,Serie Regular,7,"Santiago, Edwin",SANTU,25,41,35,,85.4,,single-source,wayback_bsnpr_root,https://web.archive.org/web/20031020102305id_/http://www.bsnpr.com:80/lideres2002.asp?grupo=BS22&serie=1,2026-09-08T14:06:06Z,2003-10-20
2002,tiros_libres_pct,percentage,Serie Regular,8,"Brown, Tyler",MAYAG,25,93,79,,84.9,,single-source,wayback_bsnpr_root,https://web.archive.org/web/20031020102305id_/http://www.bsnpr.com:80/lideres2002.asp?grupo=BS22&serie=1,2026-09-08T14:06:06Z,2003-10-20
2002,tiros_libres_pct,percentage,Serie Regular,9,"Padilla, Edgar",BAYAM,24,33,28,,84.8,,single-source,wayback_bsnpr_root,https://web.archive.org/web/20031020102305id_/http://www.bsnpr.com:80/lideres2002.asp?grupo=BS22&serie=1,2026-09-08T14:06:06Z,2003-10-20
2002,tiros_libres_pct,percentage,Serie Regular,10,"Quinonez, Joel",ISABE,24,68,56,,82.4,,single-source,wayback_bsnpr_root,https://web.archive.org/web/20031020102305id_/http://www.bsnpr.com:80/lideres2002.asp?grupo=BS22&serie=1,2026-09-08T14:06:06Z,2003-10-20
